date,ticker,open,high,low,close,volume,value,상장시가총액
2023-01-02,A1001,2249.95,2259.88,2222.37,2225.67,346344799,5200137586818,1759241799519040
2023-01-03,A1001,2230.98,2230.98,2180.67,2218.68,410245325,6149082624890,1753771077018843
2023-01-04,A1001,2205.98,2260.06,2198.82,2255.98,412841149,6487597995523,1783808765569816
2023-01-05,A1001,2268.2,2281.39,2252.97,2264.65,430977022,7521178466245,1791816776272757
2023-01-06,A1001,2253.4,2300.62,2253.27,2289.97,398606581,6764112169245,1811418923114710
2023-01-09,A1001,2315.87,2351.06,2312.56,2350.19,342095527,7028980630776,1858632832938702
2023-01-10,A1001,2348.04,2370.18,2344.18,2351.31,359914195,6702908456279,1859599298527137
2023-01-11,A1001,2364.05,2369.66,2350.36,2359.53,369010952,6297145034283,1865737441088174
2023-01-12,A1001,2376.72,2377.8,2358.33,2365.1,580433350,7837776879492,1870238983001541
2023-01-13,A1001,2377.34,2397.01,2375.78,2386.09,862230157,6976741116461,1886570606528872
2023-01-16,A1001,2390.06,2410.22,2387.61,2399.86,517762227,6532806968677,1897375181962087
2023-01-17,A1001,2400.92,2404.0,2374.65,2379.39,536811108,6314017773643,1881433258560147
2023-01-18,A1001,2380.36,2383.0,2356.84,2368.32,537392995,5498577136647,1872694001860234
2023-01-19,A1001,2354.56,2380.34,2354.56,2380.34,370098909,5448179058653,1882551676807929
2023-01-20,A1001,2380.0,2395.97,2372.57,2395.26,302506895,5025541430084,1895790658564122
2023-01-25,A1001,2426.58,2432.71,2421.51,2428.57,550087246,6665406114846,1922275331006549
2023-01-26,A1001,2436.18,2468.65,2426.4,2468.65,486831888,8206398683439,1953918425527295
2023-01-27,A1001,2474.52,2497.4,2464.53,2484.02,509288123,9092446576759,1966558578500389
2023-01-30,A1001,2484.64,2491.13,2446.59,2450.47,475410252,9220413382464,1940151030295828
2023-01-31,A1001,2449.92,2457.48,2423.37,2425.08,617195639,10394784014909,1918934214743307
2023-02-01,A1001,2446.03,2453.29,2433.37,2449.8,666296326,8596020942471,1938780673481178
2023-02-02,A1001,2481.94,2486.2,2454.6,2468.88,693116445,9121677725259,1953996214062839
2023-02-03,A1001,2466.54,2485.08,2460.21,2480.4,496860518,8027060871807,1963172031301669
2023-02-06,A1001,2461.82,2469.42,2438.04,2438.19,566819415,7671311282395,1929318577658651
2023-02-07,A1001,2440.14,2456.17,2432.4,2451.71,451159027,7594010675216,1939610902822855
2023-02-08,A1001,2469.42,2487.35,2465.96,2483.64,415677405,8001678048694,1965482079981468
2023-02-09,A1001,2470.66,2487.14,2466.61,2481.52,610694361,8986377129166,1963858470722852
2023-02-10,A1001,2470.65,2473.8,2454.74,2469.73,662365593,8402618515942,1954699936947872
2023-02-13,A1001,2461.96,2462.58,2440.86,2452.7,486398581,7371040643718,1942812751685929
2023-02-14,A1001,2471.33,2480.34,2459.83,2465.64,349432106,6738873534337,1953249936043947
2023-02-15,A1001,2473.09,2473.44,2424.16,2427.9,387066656,8758717823542,1923761984206842
2023-02-16,A1001,2444.06,2475.99,2442.07,2475.48,388027117,9170362763358,1961021978369659
2023-02-17,A1001,2447.66,2471.51,2445.74,2451.21,514047410,8364504360476,1941744158386502
2023-02-20,A1001,2453.25,2463.17,2430.27,2455.12,390012511,7535474328847,1944743466978690
2023-02-21,A1001,2457.51,2466.07,2446.0,2458.96,494660925,7333623297130,1943888913979410
2023-02-22,A1001,2430.87,2435.98,2416.16,2417.68,427481883,8386250227119,1911701229124747
2023-02-23,A1001,2430.01,2449.62,2422.62,2439.09,400991556,7451976722535,1928501536241600
2023-02-24,A1001,2442.49,2452.97,2421.47,2423.61,369900381,6991100390024,1915633306309893
2023-02-27,A1001,2405.42,2405.56,2383.76,2402.64,357218105,6598229950675,1898711780871791
2023-02-28,A1001,2417.58,2431.67,2407.29,2412.85,529789810,9274200246571,1906496015272827
2023-03-02,A1001,2414.61,2440.59,2411.85,2427.85,428342155,9660273967406,1918505110373529
2023-03-03,A1001,2438.73,2442.1,2423.08,2432.07,371881849,7845380172919,1921472037049278
2023-03-06,A1001,2452.46,2464.45,2441.07,2462.62,418813757,9781226495947,1945884266663628
2023-03-07,A1001,2457.04,2475.73,2455.65,2463.35,450481378,10732465515437,1945941991553062
2023-03-08,A1001,2435.58,2442.61,2426.52,2431.91,438358914,9967055495184,1922025068502531
2023-03-09,A1001,2440.79,2444.2,2416.25,2419.09,476374647,10357638632974,1911583468201648
2023-03-10,A1001,2389.82,2400.87,2383.19,2394.59,413411029,7875520120082,1892450859293944
2023-03-13,A1001,2400.45,2413.24,2369.79,2410.6,380739619,7702302033185,1904640758031550
2023-03-14,A1001,2390.36,2390.78,2348.19,2348.97,485075534,7794604350782,1856250945275278
2023-03-15,A1001,2380.09,2395.36,2370.77,2379.72,443751262,7591756283752,1880140744498524
2023-03-16,A1001,2357.98,2382.79,2346.11,2377.91,320194084,7865786658708,1878507613036092
2023-03-17,A1001,2403.7,2405.35,2382.8,2395.69,364175642,8617060403941,1893380948607249
2023-03-20,A1001,2391.87,2405.99,2378.7,2379.2,346033948,6072911062048,1879711532221878
2023-03-21,A1001,2396.54,2399.52,2383.17,2388.35,355194640,7269040131335,1886502691939232
2023-03-22,A1001,2411.25,2417.47,2402.78,2416.96,501412159,7890323068701,1908726634719028
2023-03-23,A1001,2398.27,2424.48,2397.91,2424.48,567703733,10367436910717,1914529715835900
2023-03-24,A1001,2421.27,2423.76,2399.49,2414.96,470659232,9248183928115,1907314609899919
2023-03-27,A1001,2423.94,2423.94,2395.97,2409.22,472847242,8534649614320,1902810299354672
2023-03-28,A1001,2418.69,2434.94,2415.34,2434.94,524016141,8812617627205,1923151536114985
2023-03-29,A1001,2432.63,2443.95,2428.61,2443.92,497218499,8829888945168,1930378482206591
2023-03-30,A1001,2452.97,2462.7,2439.43,2453.16,629052032,10846639791891,1937575538312041
2023-03-31,A1001,2459.94,2481.24,2456.54,2476.86,722612208,12903370005323,1957926358388616
2023-04-03,A1001,2485.81,2485.81,2467.59,2472.34,811723687,11300345587698,1954443677108913
2023-04-04,A1001,2475.87,2489.71,2472.79,2480.51,832555311,13496867045151,1960644519068079
2023-04-05,A1001,2482.61,2497.61,2478.67,2495.21,632719928,9811876730903,1972182473615841
2023-04-06,A1001,2488.0,2488.0,2458.5,2459.23,751378076,11332652707404,1943849428822129
2023-04-07,A1001,2478.64,2493.06,2473.89,2490.41,586992797,11250171223896,1969009466863069
2023-04-10,A1001,2491.68,2519.99,2490.17,2512.08,717648069,13539855326610,1986876446769953
2023-04-11,A1001,2523.33,2550.97,2514.42,2547.86,768175552,14050594716001,2014288065974223
2023-04-12,A1001,2546.36,2561.37,2536.23,2550.64,900749506,14426258754523,2016495718468033
2023-04-13,A1001,2534.71,2561.66,2531.07,2561.66,841719152,11996436001118,2024512511224487
2023-04-14,A1001,2580.1,2581.74,2560.53,2571.49,892445555,13088200741018,2032335488318426
2023-04-17,A1001,2570.3,2577.08,2561.14,2575.91,775752420,12793677906915,2036226925706043
2023-04-18,A1001,2582.23,2582.23,2557.19,2571.09,896932434,14106396003998,2032968741986688
2023-04-19,A1001,2570.06,2582.11,2568.46,2575.08,956994366,12750865238015,2036483235961877
2023-04-20,A1001,2566.06,2573.94,2552.06,2563.11,951423099,12415524184621,2026470351235575
2023-04-21,A1001,2556.7,2559.44,2532.32,2544.4,970397971,12614672834698,2012374091597670
2023-04-24,A1001,2538.36,2541.89,2518.73,2523.5,927191299,11589467033126,1996621732458125
2023-04-25,A1001,2531.35,2531.35,2472.33,2489.02,886421798,13681150419767,1967147727128900
2023-04-26,A1001,2489.49,2498.56,2481.38,2484.83,1089215527,12397513675358,1964553908314712
2023-04-27,A1001,2484.31,2499.01,2465.83,2495.81,733499935,11142114587400,1974101089770741
2023-04-28,A1001,2511.79,2517.13,2489.58,2501.53,777535095,14024831081451,1979839469128982
2023-05-02,A1001,2504.01,2524.42,2503.21,2524.39,701398536,9942386589950,1997496492608915
2023-05-03,A1001,2510.19,2514.37,2497.83,2501.4,889609358,9865860702590,1979410344840207
2023-05-04,A1001,2494.82,2502.14,2486.09,2500.94,810178245,10020006022499,1978572080421787
2023-05-08,A1001,2518.53,2525.84,2511.13,2513.21,655536077,9213044478015,1989045053273087
2023-05-09,A1001,2512.34,2514.81,2495.63,2510.06,751646926,9351366513394,1986578323550486
2023-05-10,A1001,2505.96,2510.13,2488.42,2496.51,635635038,8906696780352,1976264332781152
2023-05-11,A1001,2505.57,2513.82,2490.08,2491.0,648134386,9002406636659,1971727644861109
2023-05-12,A1001,2487.35,2487.35,2472.45,2475.42,798229990,8589238141803,1959471273376324
2023-05-15,A1001,2469.8,2479.35,2455.99,2479.35,484564791,6920284584591,1962067053701407
2023-05-16,A1001,2494.4,2498.54,2474.9,2480.24,628743773,8086955877418,1963631010474389
2023-05-17,A1001,2479.65,2498.37,2475.02,2494.66,564411579,7218305741975,1975030171147455
2023-05-18,A1001,2511.09,2515.4,2500.01,2515.4,572764581,7782864340886,1992171060284570
2023-05-19,A1001,2530.83,2538.31,2524.89,2537.79,570097445,9199949186896,2010735982943882
2023-05-22,A1001,2540.03,2564.09,2533.5,2557.08,593619969,8214575194453,2025540376904414
2023-05-23,A1001,2565.8,2577.32,2561.1,2567.55,576045359,7443352810396,2033435645642930
2023-05-24,A1001,2557.11,2572.21,2555.04,2567.45,1072440018,7900596208889,2032739545215493
2023-05-25,A1001,2570.64,2575.05,2551.49,2554.69,917553486,9416538885100,2022841850227514
2023-05-26,A1001,2561.94,2567.5,2553.79,2558.81,634759104,9401899255628,2027393063603788
2023-05-30,A1001,2582.41,2586.22,2574.82,2585.52,641646565,11066254182072,2048101558653343
2023-05-31,A1001,2586.03,2596.31,2575.98,2577.12,686186797,15135110642978,2039961429934852
2023-06-01,A1001,2572.56,2580.15,2565.0,2569.17,675233437,9168501896122,2034185276404731
2023-06-02,A1001,2586.27,2601.38,2583.88,2601.36,569619542,9383534584159,2059938045733047
2023-06-05,A1001,2617.43,2618.62,2608.01,2615.41,545879707,8566306664573,2070761231989574
2023-06-07,A1001,2623.46,2629.92,2613.68,2615.6,537616723,10152915448875,2070757365300596
2023-06-08,A1001,2609.21,2612.39,2595.33,2610.85,581325177,11473710023538,2067265951520122
2023-06-09,A1001,2624.15,2644.7,2618.45,2641.16,583219035,11128065460568,2091571202657558
2023-06-12,A1001,2647.49,2650.45,2623.43,2629.35,557056391,9365137234910,2082259638214132
2023-06-13,A1001,2644.43,2645.62,2633.52,2637.95,694320536,11153307465910,2092104300796508
2023-06-14,A1001,2640.81,2642.86,2614.25,2619.08,654404452,13100475117196,2077106421774783
2023-06-15,A1001,2629.24,2634.22,2602.52,2608.54,582437342,11513806869991,2068930296159040
2023-06-16,A1001,2623.57,2625.79,2612.21,2625.79,673673049,12620601901546,2083070962834297
2023-06-19,A1001,2618.06,2619.44,2600.49,2609.5,719549044,11096633448246,2069459013219873
2023-06-20,A1001,2602.83,2610.03,2596.82,2604.91,722540797,10880371631739,2066709392982495
2023-06-21,A1001,2599.19,2600.97,2579.52,2582.63,659798470,10654263369764,2049490170676983
2023-06-22,A1001,2575.65,2597.76,2575.65,2593.7,613221379,8937920367446,2058310973700555
2023-06-23,A1001,2599.04,2600.81,2568.07,2570.1,528307350,8548516965675,2039950788327825
2023-06-26,A1001,2568.65,2585.31,2562.03,2582.2,481750510,8437663307773,2050227831614436
2023-06-27,A1001,2581.02,2582.0,2568.52,2581.39,538509244,8592191725938,2049390122781709
2023-06-28,A1001,2590.52,2590.52,2559.46,2564.19,488767961,8814328693756,2036006512301901
2023-06-29,A1001,2564.02,2577.69,2550.02,2550.02,604508630,8824942470147,2024884368206493
2023-06-30,A1001,2558.43,2571.03,2541.72,2564.28,510933786,8209120592849,2035090950255639
2023-07-03,A1001,2580.89,2604.63,2580.49,2602.47,618006181,8973590145582,2065043586311662
2023-07-04,A1001,2604.72,2607.66,2591.86,2593.31,674410584,9160795651560,2057900764652467
2023-07-05,A1001,2593.47,2601.99,2578.66,2579.0,601088685,10257664064971,2046820450881865
2023-07-06,A1001,2574.75,2575.45,2550.67,2556.29,531900313,10291029204298,2028715707609857
2023-07-07,A1001,2547.41,2547.41,2515.07,2526.71,613265045,10367353235625,2005107083038451
2023-07-10,A1001,2528.08,2539.63,2517.67,2520.7,561821159,9698695577307,2000075614664244
2023-07-11,A1001,2538.84,2562.49,2534.48,2562.49,594134894,10596470857533,2033589693802315
2023-07-12,A1001,2557.61,2574.73,2554.26,2574.72,696924185,13229937627765,2043134138621225
2023-07-13,A1001,2589.89,2602.21,2587.75,2591.23,585660777,13258009580486,2056144809692997
2023-07-14,A1001,2607.47,2628.3,2603.36,2628.3,569815109,14285300247019,2085155474574010
2023-07-17,A1001,2617.67,2627.12,2611.55,2619.0,550569962,11732182232324,2077680979796137
2023-07-18,A1001,2624.59,2626.89,2600.67,2607.62,493202186,12003817042366,2068793755872193
2023-07-19,A1001,2622.24,2622.54,2598.52,2608.24,440073850,11231685664367,2069336033687290
2023-07-20,A1001,2595.38,2611.34,2589.29,2600.23,372364710,9473223686191,2063004507308507
2023-07-21,A1001,2581.06,2609.76,2570.58,2609.76,501871967,12258800016184,2069758933412275
2023-07-24,A1001,2608.47,2636.06,2595.21,2628.53,529363268,19050421144820,2083819624716787
2023-07-25,A1001,2643.35,2646.71,2621.6,2636.46,723471549,19204604621912,2090016052441822
2023-07-26,A1001,2638.76,2639.21,2580.98,2592.36,834106504,36348205551673,2054936941256622
2023-07-27,A1001,2599.82,2617.61,2586.36,2603.81,594162667,24076448886729,2064695783012002
2023-07-28,A1001,2593.67,2609.54,2586.33,2608.32,503267298,16807323601605,2068133763181406
2023-07-31,A1001,2628.87,2639.45,2622.21,2632.58,454242638,15688014180464,2085912205406965
2023-08-01,A1001,2644.34,2668.21,2639.1,2667.07,493643248,15851940748272,2113135323242811
2023-08-02,A1001,2651.53,2660.9,2611.77,2616.47,704673842,16001903871479,2073668620072458
2023-08-03,A1001,2624.76,2625.45,2591.3,2605.39,789416273,14921529311997,2064281827431858
2023-08-04,A1001,2606.17,2612.3,2598.38,2602.8,645750159,10971353099785,2061747668228013
2023-08-07,A1001,2591.58,2607.36,2580.71,2580.71,504070760,11894470648556,2044894112432768
2023-08-08,A1001,2598.29,2601.41,2568.15,2573.98,638418712,12435381687044,2039632194238017
2023-08-09,A1001,2580.6,2608.98,2576.21,2605.12,467526732,10326262318499,2064557282952060
2023-08-10,A1001,2592.4,2601.56,2590.02,2601.56,568155109,11349005297143,2061336432491364
2023-08-11,A1001,2611.25,2616.84,2589.94,2591.26,675389953,10513465946903,2053371190885501
2023-08-14,A1001,2586.51,2592.91,2561.88,2570.87,624377647,9995329422745,2037188539913534
2023-08-16,A1001,2550.13,2550.53,2520.87,2525.64,685135617,12025529175862,2001820771407344
2023-08-17,A1001,2512.92,2520.56,2482.06,2519.85,735132744,10727642034665,1997270646126948
2023-08-18,A1001,2495.18,2519.6,2489.63,2504.5,557784633,10776836338403,1985148457311986
2023-08-21,A1001,2511.7,2524.41,2505.59,2508.8,399458711,8524817791134,1988814382258267
2023-08-22,A1001,2528.39,2533.43,2509.53,2515.74,471808571,9270272191698,1994100740867846
2023-08-23,A1001,2510.0,2517.51,2499.89,2505.5,547169704,8577994375668,1986575329001002
2023-08-24,A1001,2531.78,2539.44,2520.73,2537.68,441140168,10099466159245,2012082432960052
2023-08-25,A1001,2505.39,2526.37,2502.05,2519.14,577383852,8302851242350,1997701491140052
2023-08-28,A1001,2534.42,2543.41,2525.64,2543.41,483587568,8221905557756,2015825900484564
2023-08-29,A1001,2550.76,2556.98,2545.27,2552.16,441365852,8275017288825,2022518944004773
2023-08-30,A1001,2575.42,2578.62,2561.22,2561.22,364003001,7765444580940,2029672344990078
2023-08-31,A1001,2564.45,2568.06,2547.72,2556.27,473168805,11334960549622,2025220695461871
2023-09-01,A1001,2551.93,2568.42,2551.04,2563.71,493367317,10029746225521,2033321986422776
2023-09-04,A1001,2566.93,2584.55,2560.32,2584.55,342072516,8699609485382,2050034095713728
2023-09-05,A1001,2578.91,2586.65,2575.19,2582.18,384579023,7590068827455,2048141824784019
2023-09-06,A1001,2577.41,2585.98,2560.09,2563.34,422126144,7626693242222,2033216059472071
2023-09-07,A1001,2554.87,2562.42,2539.24,2548.26,377270533,8325826544902,2021630331132979
2023-09-08,A1001,2546.07,2550.96,2530.05,2547.68,396289098,7718992573949,2020844443791382
2023-09-11,A1001,2549.88,2556.89,2540.44,2556.88,411070381,8340732785019,2027845902421820
2023-09-12,A1001,2566.42,2568.55,2535.15,2536.58,359409844,8927207173581,2012514265092078
2023-09-13,A1001,2536.22,2549.38,2528.18,2534.7,417576035,9270998787030,2011458185180640
2023-09-14,A1001,2544.89,2572.89,2541.11,2572.89,412509123,9577502570729,2041171663656079
2023-09-15,A1001,2574.98,2611.0,2572.37,2601.28,441729809,11995227354645,2063455243040381
2023-09-18,A1001,2588.69,2596.55,2573.26,2574.72,416289507,8772091336958,2042003996189398
2023-09-19,A1001,2579.36,2583.25,2555.46,2559.21,462342076,7827324888504,2030125918133751
2023-09-20,A1001,2556.55,2566.62,2551.12,2559.74,414667757,7571716473907,2030281560024885
2023-09-21,A1001,2544.81,2549.63,2514.96,2514.97,394676191,7803096968952,1995558490661582
2023-09-22,A1001,2491.45,2513.26,2486.14,2508.13,433184441,7063027557662,1988872132588095
2023-09-25,A1001,2504.1,2509.38,2486.44,2495.76,438614599,7459544543909,1979048154958762
2023-09-26,A1001,2493.64,2495.0,2461.59,2462.97,427476174,7060836784874,1953462572892867
2023-09-27,A1001,2447.99,2469.72,2445.51,2465.07,366240767,6761281210971,1955817974945697
2023-10-04,A1001,2435.78,2435.78,2402.84,2405.69,424858687,10244656479390,1909055583650353
2023-10-05,A1001,2423.35,2426.61,2402.5,2403.6,451722351,9141360528268,1912222092363540
2023-10-06,A1001,2408.81,2421.18,2403.92,2408.73,289391533,6522751201215,1916147548142909
2023-10-10,A1001,2436.58,2448.24,2402.44,2402.58,416004097,9505946256101,1912039050695451
2023-10-11,A1001,2436.52,2463.56,2436.52,2450.08,446948721,9140842858822,1949663797057905
2023-10-12,A1001,2465.19,2479.82,2464.84,2479.82,515451710,8929118335738,1973336798717055
2023-10-13,A1001,2460.85,2466.62,2452.83,2456.15,582883748,7164460134351,1955250761144788
2023-10-16,A1001,2442.43,2453.77,2422.52,2436.24,788356048,8393099868062,1939007776711860
2023-10-17,A1001,2454.14,2466.87,2449.42,2460.17,509375162,7711249611593,1958109580200441
2023-10-18,A1001,2452.05,2465.33,2450.78,2462.6,911545886,8897570511380,1960050710811028
2023-10-19,A1001,2431.92,2433.45,2412.55,2415.8,756946720,9054474474683,1923750595952743
2023-10-20,A1001,2391.54,2394.67,2364.01,2375.0,521208061,9295958394523,1892280648037690
2023-10-23,A1001,2370.07,2375.79,2354.7,2357.02,395930159,7117567308934,1877779359812775
2023-10-24,A1001,2371.55,2384.14,2326.67,2383.51,444165247,7949284788809,1898106189983309
2023-10-25,A1001,2389.23,2389.9,2362.69,2363.17,440806736,7832203371912,1882419020271508
2023-10-26,A1001,2325.82,2330.55,2299.08,2299.08,531072827,9251519468286,1832032727433878
2023-10-27,A1001,2311.59,2321.84,2293.05,2302.81,514875992,8009947757095,1834541640781010
2023-10-30,A1001,2292.34,2317.75,2292.34,2310.55,444842306,6954632697493,1840684678719156
2023-10-31,A1001,2318.39,2322.45,2273.97,2277.99,394982283,8233073267951,1815424104493218
2023-11-01,A1001,2292.89,2312.15,2288.64,2301.56,358157301,6739277694118,1835317635644088
2023-11-02,A1001,2334.96,2351.91,2333.41,2343.12,377461502,7679304707201,1868116867300456
2023-11-03,A1001,2365.59,2370.28,2351.83,2368.34,578661884,8040958355185,1887967827119667
2023-11-06,A1001,2399.8,2502.37,2395.03,2502.37,528584832,15225479879466,1991919718242366
2023-11-07,A1001,2476.35,2476.35,2418.74,2443.96,457675546,12086569930572,1947075246916667
2023-11-08,A1001,2460.22,2468.43,2418.14,2421.62,467217484,7667332335588,1929362639610315
2023-11-09,A1001,2425.93,2437.9,2413.04,2427.08,395030998,7288448335831,1933622735939370
2023-11-10,A1001,2406.4,2413.62,2393.64,2409.66,312467956,5825602011829,1923177297058820
2023-11-13,A1001,2431.24,2435.32,2399.04,2403.76,307123090,5934172518663,1918619318859373
2023-11-14,A1001,2424.93,2442.37,2422.97,2433.25,306963703,6382101015771,1942197247569901
2023-11-15,A1001,2482.21,2487.42,2468.43,2486.67,419843260,9328219011281,1984033040962156
2023-11-16,A1001,2483.48,2491.98,2472.69,2488.18,407440839,6806413707780,1985488314205202
2023-11-17,A1001,2477.43,2481.1,2463.59,2469.85,388973752,8129523115949,1974347791077874
2023-11-20,A1001,2464.72,2499.75,2464.04,2491.2,323806345,6586444840432,1990537959330634
2023-11-21,A1001,2504.7,2517.74,2500.91,2510.42,345054695,7713376763040,2005723541732152
2023-11-22,A1001,2493.17,2516.72,2490.43,2511.7,439485471,7755315532472,2006109849579441
2023-11-23,A1001,2515.83,2522.2,2507.3,2514.96,360873812,6577868002160,2009135899576999
2023-11-24,A1001,2517.88,2521.56,2496.63,2496.63,359382702,6537960544304,1995161445843404
2023-11-27,A1001,2501.83,2511.37,2489.18,2495.66,364743731,8376475664368,1994294784796634
2023-11-28,A1001,2506.14,2522.45,2502.26,2521.76,443089715,8753423571555,2017729235777969
2023-11-29,A1001,2518.8,2523.98,2501.44,2519.81,579271100,9428200342491,2015729696100694
2023-11-30,A1001,2512.11,2535.29,2507.8,2535.29,664284035,11992488473054,2027777361360739
2023-12-01,A1001,2520.49,2520.49,2504.06,2505.01,516596238,8837749634076,2004297452965198
2023-12-04,A1001,2522.22,2525.63,2510.52,2514.95,498860818,8772366761173,2012605764241432
2023-12-05,A1001,2507.45,2509.74,2492.55,2494.28,427066848,8300521654842,1995841254871312
2023-12-06,A1001,2503.57,2509.67,2495.38,2495.38,390989432,7685319935995,1996748972275817
2023-12-07,A1001,2493.14,2499.73,2481.0,2492.07,446877270,8127635646232,1993881026629665
2023-12-08,A1001,2510.24,2521.58,2507.14,2517.85,431796634,7916793470777,2014785074596234
2023-12-11,A1001,2524.79,2528.89,2512.45,2525.36,435003610,8260507908287,2021014751891689
2023-12-12,A1001,2535.11,2543.06,2529.74,2535.27,378033628,7732529685587,2029469553428360
2023-12-13,A1001,2531.23,2531.23,2509.89,2510.66,377934427,7513616958089,2010099879260123
2023-12-14,A1001,2547.74,2549.65,2532.16,2544.18,530123485,12960670969677,2036471107001660
2023-12-15,A1001,2558.44,2574.23,2555.3,2563.56,465313553,12873295143562,2052134143905219
2023-12-18,A1001,2568.77,2573.13,2556.05,2566.86,384828383,10181567999906,2053934297383476
2023-12-19,A1001,2564.81,2570.06,2556.52,2568.55,392497373,8418110713633,2054764998811186
2023-12-20,A1001,2586.99,2615.38,2584.85,2614.3,570423377,11202542825393,2091168204270216
2023-12-21,A1001,2598.37,2610.81,2587.16,2600.02,578334789,9467808991589,2080482827882262
2023-12-22,A1001,2617.72,2621.37,2599.51,2599.51,465967201,8848287882829,2082855844704432
2023-12-26,A1001,2609.44,2612.14,2594.65,2602.59,440428129,9582765574870,2085608165140366
2023-12-27,A1001,2599.35,2613.5,2590.08,2613.5,349733378,10359763878782,2093997127111758
2023-12-28,A1001,2616.27,2655.28,2611.72,2655.28,460086621,9418929602384,2126372515851046
2024-01-02,A1001,2645.47,2675.8,2641.88,2669.81,409871688,9628190129018,2147223894556881
2024-01-03,A1001,2643.54,2643.72,2607.31,2607.31,463131608,10121578328315,2096573473823721
2024-01-04,A1001,2592.44,2602.64,2580.09,2587.02,770176172,8992273956601,2081862659594752
2024-01-05,A1001,2586.89,2592.29,2572.6,2578.08,522289892,8384472928787,2075148802709824
2024-01-08,A1001,2584.23,2591.68,2566.34,2567.82,320143990,6763632029996,2067290656237408
2024-01-09,A1001,2598.31,2599.37,2556.0,2561.24,791214273,8896714487368,2061575745648289
2024-01-10,A1001,2563.97,2568.19,2539.82,2541.98,570021066,8795834820834,2045533566125824
2024-01-11,A1001,2543.03,2557.3,2540.27,2540.27,788422596,13669889824902,2043896294511727
2024-01-12,A1001,2536.55,2543.83,2517.76,2525.05,790177187,8368765827550,2047248114238733
2024-01-15,A1001,2525.69,2536.06,2515.84,2525.99,802102006,8182706743844,2047779701417268
2024-01-16,A1001,2516.27,2524.35,2491.13,2497.59,659578602,8828509480164,2024555060865416
2024-01-17,A1001,2501.23,2503.91,2435.34,2435.9,965595357,11281597951689,1975074608228092
2024-01-18,A1001,2439.96,2453.97,2429.12,2440.04,571507487,8300177532644,1978349880698514
2024-01-19,A1001,2468.43,2479.0,2455.5,2472.74,518806918,9174537029762,2005853267137231
2024-01-22,A1001,2489.57,2490.69,2464.35,2464.35,388045571,8419915774574,1999139797919650
2024-01-23,A1001,2478.32,2482.84,2464.24,2478.61,472284165,8029400288499,2010744285970351
2024-01-24,A1001,2476.22,2476.22,2454.34,2469.69,395463694,7446526589060,2003932327419686
2024-01-25,A1001,2467.73,2474.01,2452.36,2470.34,357233504,8124338284896,2003599594512515
2024-01-26,A1001,2458.05,2502.61,2453.45,2478.56,292662412,7144493302087,2009937343154269
2024-01-29,A1001,2490.93,2516.92,2483.81,2500.65,427439639,8958520572993,2034462573480314
2024-01-30,A1001,2523.68,2528.54,2498.81,2498.81,481808939,8734431084623,2032788176215422
2024-01-31,A1001,2487.9,2502.45,2486.97,2497.09,454574443,9000429911787,2030032668710527
2024-02-01,A1001,2491.93,2542.46,2491.93,2542.46,751074606,13462481624148,2067112301934090
2024-02-02,A1001,2559.4,2615.34,2559.39,2615.31,596121129,14368149719486,2126219526202082
2024-02-05,A1001,2612.77,2612.77,2562.5,2591.31,511677820,12476233311073,2107741572677307
2024-02-06,A1001,2584.2,2599.18,2563.87,2576.2,411617635,10386506269960,2095645930554876
2024-02-07,A1001,2592.59,2625.24,2588.09,2609.58,518182343,11491680255121,2123763208093908
2024-02-08,A1001,2620.26,2629.51,2610.21,2620.32,430009355,12493447627224,2132384707693318
2024-02-13,A1001,2644.17,2656.87,2640.96,2649.64,559385295,13294428567621,2157419255239933
2024-02-14,A1001,2609.6,2627.31,2601.99,2620.42,543525036,10107666432067,2134335214502237
2024-02-15,A1001,2643.81,2643.86,2613.8,2613.8,621363093,10691023734593,2128007409746468
2024-02-16,A1001,2635.63,2648.76,2625.01,2648.76,593841761,10221803977167,2156678843913596
2024-02-19,A1001,2653.12,2683.39,2653.12,2680.26,422699048,9820891305363,2182000859841736
2024-02-20,A1001,2671.55,2673.84,2643.93,2657.79,612668186,9999238286778,2164246683674156
2024-02-21,A1001,2656.92,2670.95,2644.04,2653.31,562144348,9150151196628,2160613141082502
2024-02-22,A1001,2671.69,2671.69,2653.99,2664.27,456396847,10278918996172,2169296821127555
2024-02-23,A1001,2681.03,2694.8,2665.21,2667.7,415376166,10282074497042,2172012827862754
2024-02-26,A1001,2657.35,2659.6,2629.78,2647.08,531661427,10950640820454,2154285533222444
2024-02-27,A1001,2654.76,2654.76,2619.38,2625.05,574301706,12634501574691,2138605308580859
2024-02-28,A1001,2629.11,2657.32,2623.15,2652.29,421552569,10266442750037,2160300898648426
2024-02-29,A1001,2643.48,2647.56,2628.62,2642.36,496064469,12975398337140,2154501763495998
2024-03-04,A1001,2664.52,2682.8,2662.32,2674.27,404014324,12680157695305,2180068721681928
2024-03-05,A1001,2660.8,2684.83,2649.35,2649.4,457237152,12207053152140,2159737907605954
2024-03-06,A1001,2638.84,2649.78,2630.16,2641.49,378993989,10533005950271,2152385363230447
2024-03-07,A1001,2653.98,2660.26,2633.57,2647.62,462910823,10871921043030,2157093122013549
2024-03-08,A1001,2676.79,2688.0,2668.38,2680.35,454259855,11479440624975,2183434413990576
2024-03-11,A1001,2665.58,2677.21,2658.74,2659.84,391384816,8856058910332,2165991239911813
2024-03-12,A1001,2673.47,2686.14,2659.72,2681.81,403969278,9731030845026,2183694627398137
2024-03-13,A1001,2694.71,2701.45,2679.54,2693.57,498759769,10957571435594,2193638398555053
2024-03-14,A1001,2698.37,2718.76,2696.31,2718.76,609288045,14142602900461,2214176883564676
2024-03-15,A1001,2701.91,2705.59,2666.84,2666.84,584947718,13235768120641,2171246910784166
2024-03-18,A1001,2678.52,2688.07,2665.28,2685.84,408182483,9523805666900,2186414425213829
2024-03-19,A1001,2673.57,2673.57,2645.14,2656.17,695865617,10702804612977,2162284635365968
2024-03-20,A1001,2680.7,2692.52,2674.09,2690.14,720451805,12739395278981,2190991693310006
2024-03-21,A1001,2731.18,2755.45,2724.25,2754.86,825226939,14013557214292,2244169943853590
2024-03-22,A1001,2751.15,2763.06,2738.18,2748.56,509545275,11532687277699,2240018470676891
2024-03-25,A1001,2756.59,2763.63,2731.7,2737.57,489620187,9979717463873,2230450709812806
2024-03-26,A1001,2756.42,2779.4,2752.27,2757.09,448300913,12188273305400,2248074960180936
2024-03-27,A1001,2745.0,2762.03,2745.0,2755.11,510644016,12461944297042,2246759368908432
2024-03-28,A1001,2753.22,2756.86,2742.68,2745.82,419277948,11925008942773,2239561710047378
2024-03-29,A1001,2757.27,2757.55,2739.12,2746.63,495495575,11190102648960,2240537707931380
2024-04-01,A1001,2766.24,2769.87,2747.4,2747.86,397600506,10066834746484,2241082877779755
2024-04-02,A1001,2744.15,2760.33,2737.19,2753.16,630392908,13116888253006,2247045532300401
2024-04-03,A1001,2730.68,2732.29,2706.97,2706.97,640806255,13257039663440,2209038426589524
2024-04-04,A1001,2738.24,2746.39,2727.1,2742.0,477952756,11978193544511,2238039850882680
2024-04-05,A1001,2713.96,2730.47,2705.31,2714.21,621030559,11293864180906,2215451533029409
2024-04-08,A1001,2718.76,2725.58,2706.74,2717.65,620652526,10560913230739,2218358194498119
2024-04-09,A1001,2733.23,2741.23,2703.96,2705.16,470183666,10037704753832,2207593683288588
2024-04-11,A1001,2665.4,2718.07,2661.92,2706.96,561333352,12789892903761,2209845127261173
2024-04-12,A1001,2710.89,2712.45,2678.21,2681.82,514575252,11903471260891,2189191729846839
2024-04-15,A1001,2661.36,2673.26,2641.16,2670.43,561950019,10506647345531,2179146668534823
2024-04-16,A1001,2644.17,2647.6,2601.45,2609.63,570212078,12257738700180,2129095533863437
2024-04-17,A1001,2619.15,2626.63,2584.18,2584.18,414348111,9779317782734,2108636206256260
2024-04-18,A1001,2595.46,2642.03,2593.26,2634.7,478786204,10571079673653,2148591606593171
2024-04-19,A1001,2600.69,2609.9,2553.55,2591.86,809473426,14044807236711,2113960517731474
2024-04-22,A1001,2615.72,2629.44,2604.37,2629.44,401892185,11021071197748,2143157215871340
2024-04-23,A1001,2632.15,2641.78,2619.72,2623.02,430275765,9948338030037,2137640962658347
2024-04-24,A1001,2662.84,2677.85,2662.84,2675.75,325739636,10227694656817,2180629130374121
2024-04-25,A1001,2646.8,2656.51,2628.62,2628.62,334062359,8987958983331,2142440794883830
2024-04-26,A1001,2650.94,2662.1,2641.35,2656.33,450520678,10148866094724,2164477450575646
2024-04-29,A1001,2675.46,2687.44,2665.21,2687.44,470546033,10491387518238,2189691725743463
2024-04-30,A1001,2693.22,2710.23,2687.29,2692.06,460083516,11347130197832,2193843858061216
2024-05-02,A1001,2679.04,2692.47,2678.84,2683.65,351087270,9059052787751,2186876849586271
2024-05-03,A1001,2704.31,2705.26,2676.63,2676.63,338612027,7850446650277,2180854242187852
2024-05-07,A1001,2718.17,2734.36,2716.62,2734.36,532203424,11153672379482,2228259503005163
2024-05-08,A1001,2732.11,2745.05,2727.93,2745.05,436315210,10293632989622,2243933670998562
2024-05-09,A1001,2743.29,2749.14,2710.25,2712.14,423810541,11102793125978,2216794075957826
2024-05-10,A1001,2737.95,2743.58,2723.21,2727.63,586133434,11566879277171,2226624818720776
2024-05-13,A1001,2735.2,2738.38,2713.92,2727.21,625277713,13054660270065,2226373173373837
2024-05-14,A1001,2732.98,2735.82,2722.74,2730.34,443295551,9491099959143,2228236340852444
2024-05-16,A1001,2770.27,2773.46,2748.22,2753.0,521841311,13253185991139,2246492512784154
2024-05-17,A1001,2751.47,2752.17,2724.62,2724.62,575936318,11008339216044,2223763413963692
2024-05-20,A1001,2741.24,2756.41,2734.64,2742.14,582071105,12502253995995,2237911831916097
2024-05-21,A1001,2733.03,2734.48,2719.74,2724.18,560818982,10490361130914,2223367539795622
2024-05-22,A1001,2723.46,2733.07,2707.87,2723.46,484723878,12378510253371,2223391187575664
2024-05-23,A1001,2719.03,2734.27,2704.0,2721.81,428079461,11449262184318,2222186906186078
2024-05-24,A1001,2693.65,2696.99,2681.17,2687.6,501638731,12363444691766,2193712334095006
2024-05-27,A1001,2697.16,2725.08,2693.66,2722.99,556709910,15847767781392,2222058046281292
2024-05-28,A1001,2715.52,2730.12,2714.34,2722.85,440956718,11586995502162,2221981776231337
2024-05-29,A1001,2719.56,2721.63,2677.07,2677.3,438980914,13076460910800,2184383957054233
2024-05-30,A1001,2666.63,2666.63,2635.44,2635.44,372741998,11132062547655,2150594911810807
2024-05-31,A1001,2657.87,2664.48,2635.77,2636.52,613717789,16353906904146,2151017465412147
2024-06-03,A1001,2657.81,2690.73,2657.81,2682.52,782329142,13995552060921,2188764087625754
2024-06-04,A1001,2668.73,2679.47,2659.43,2662.1,773459815,12649033157359,2171834477055724
2024-06-05,A1001,2681.11,2697.43,2667.63,2689.5,881481171,13624987518166,2194822320470817
2024-06-07,A1001,2718.25,2729.63,2705.23,2722.67,783870642,12465269602613,2221091055961770
2024-06-10,A1001,2698.71,2718.89,2689.19,2701.17,506891681,11327687402104,2203848894691709
2024-06-11,A1001,2716.72,2718.88,2702.17,2705.32,558892980,11776520079436,2206744123013164
2024-06-12,A1001,2709.65,2730.3,2707.44,2728.17,511008858,11839575564352,2224929133048683
2024-06-13,A1001,2764.18,2776.72,2752.61,2754.89,700027275,19135858383663,2247116756582045
2024-06-14,A1001,2759.22,2769.16,2750.86,2758.42,644979251,16187046354733,2250826809499794
2024-06-17,A1001,2754.83,2759.86,2741.03,2744.1,593985068,12457645927392,2237952930934221
2024-06-18,A1001,2765.7,2772.35,2759.03,2763.92,561975111,13269477858739,2254082532058439
2024-06-19,A1001,2786.16,2799.32,2786.16,2797.33,646706151,14069563614982,2280984107505914
2024-06-20,A1001,2802.1,2812.62,2796.37,2807.63,758165860,13576969980405,2289946832082912
2024-06-21,A1001,2794.87,2797.0,2777.33,2784.26,631143373,14492984699807,2270593310209150
2024-06-24,A1001,2772.85,2782.9,2758.09,2764.73,594166310,11082706901587,2257243669014962
2024-06-25,A1001,2765.76,2780.42,2765.76,2774.39,714242157,11767747562752,2265008233505110
2024-06-26,A1001,2767.43,2792.07,2762.98,2792.05,535034373,11325142857725,2279120474336608
2024-06-27,A1001,2767.62,2784.33,2761.55,2784.06,397169222,10271109212108,2273422810716470
2024-06-28,A1001,2792.79,2797.82,2782.4,2797.82,610550442,11020137988129,2283888693661471
2024-07-01,A1001,2792.96,2805.95,2783.98,2804.31,459218341,9945336827186,2289631234045977
2024-07-02,A1001,2798.65,2805.42,2776.62,2780.86,538842197,11648477198292,2270445338129264
2024-07-03,A1001,2797.14,2799.7,2774.71,2794.01,340337982,10243957490730,2281636129094657
2024-07-04,A1001,2817.06,2824.94,2808.88,2824.94,393738620,13067110367346,2307278993396211
2024-07-05,A1001,2836.21,2871.96,2836.21,2862.23,378159145,13142275173526,2338315470421830
2024-07-08,A1001,2862.58,2868.99,2855.53,2857.76,425055594,9938577085762,2335361801343077
2024-07-09,A1001,2872.63,2875.37,2854.13,2867.38,456429222,11241863704494,2339688644048581
2024-07-10,A1001,2863.05,2871.56,2858.87,2867.99,472472909,11841458957088,2340811915381735
2024-07-11,A1001,2888.76,2896.43,2879.28,2891.35,462216873,14649701388722,2363627178724968
2024-07-12,A1001,2867.75,2872.25,2844.88,2857.0,408178316,14085702513511,2329431205423023
2024-07-15,A1001,2869.15,2872.9,2848.93,2860.92,424457898,12165673099287,2334446313431494
2024-07-16,A1001,2861.71,2872.21,2857.07,2866.09,677904823,12660325755248,2338465518826864
2024-07-17,A1001,2865.9,2868.58,2841.33,2843.29,549094120,13923509175223,2320318934867633
2024-07-18,A1001,2805.64,2824.35,2799.02,2824.35,658374570,15548196201712,2304940336748129
2024-07-19,A1001,2800.21,2802.68,2776.99,2795.46,426207952,9585234666046,2280949590315269
2024-07-22,A1001,2790.99,2795.12,2752.63,2763.51,463878258,10499644345892,2255636583508568
2024-07-23,A1001,2788.83,2796.92,2765.81,2774.29,423403234,11526841676052,2265131154015696
2024-07-24,A1001,2755.5,2778.31,2748.65,2758.71,469221275,11053910300885,2251624859143664
2024-07-25,A1001,2721.29,2725.15,2703.86,2710.65,440318335,13673708697212,2212260228637285
2024-07-26,A1001,2724.99,2738.4,2715.75,2731.9,516467609,12971731709664,2228963595217386
2024-07-29,A1001,2748.32,2776.86,2742.69,2765.53,456515695,10963602971959,2257406067431641
2024-07-30,A1001,2744.4,2754.53,2732.82,2738.19,392868090,10199651173207,2235428827339088
2024-07-31,A1001,2745.58,2770.7,2733.63,2770.69,557090057,12197991898146,2262832341048634
2024-08-01,A1001,2787.27,2794.11,2772.97,2777.68,480833975,10904975425060,2268412040496396
2024-08-02,A1001,2719.39,2725.05,2666.4,2676.19,531785136,13102123147549,2189768948287380
2024-08-05,A1001,2611.3,2611.3,2386.96,2441.55,763777757,18781701096636,1997745882924562
2024-08-06,A1001,2533.34,2578.77,2491.47,2522.15,567266430,15535848582551,2063686210909231
2024-08-07,A1001,2515.27,2594.83,2510.82,2568.41,476990686,13081659609896,2102251051407106
2024-08-08,A1001,2530.21,2570.34,2518.52,2556.73,495299005,11463675279196,2092077568084577
2024-08-09,A1001,2603.08,2603.08,2575.9,2588.43,475012051,9721686771659,2118139215572282
2024-08-12,A1001,2602.16,2622.86,2602.01,2618.3,293083794,7601221663229,2142430302010892
2024-08-13,A1001,2624.5,2636.12,2607.52,2621.5,378532151,8965946240835,2145433739879246
2024-08-14,A1001,2649.11,2653.71,2632.44,2644.5,328748140,8867077142812,2164754882564239
2024-08-16,A1001,2695.49,2699.61,2680.74,2697.23,385851899,11192930297117,2208881287865466
2024-08-19,A1001,2697.97,2699.84,2664.28,2674.36,395636824,9262568374795,2189820559401236
2024-08-20,A1001,2699.74,2706.05,2686.06,2696.63,484188400,8954162720335,2206940381891250
2024-08-21,A1001,2687.2,2704.98,2684.61,2701.13,417329635,9378558424607,2210561175693671
2024-08-22,A1001,2710.95,2711.38,2690.35,2707.67,441756204,8946316911575,2215412798846490
2024-08-23,A1001,2690.8,2712.84,2689.54,2701.69,330591762,8285767864758,2210797298505351
2024-08-26,A1001,2716.88,2718.47,2688.79,2698.01,333687885,9087411201066,2206549658882071
2024-08-27,A1001,2696.24,2700.18,2681.92,2689.25,264056855,8050720479398,2199479583926951
2024-08-28,A1001,2690.59,2695.51,2671.59,2689.83,280773871,10567478196675,2200592606674385
2024-08-29,A1001,2657.18,2672.9,2649.56,2662.28,288835634,11464719820380,2178258767290179
2024-08-30,A1001,2676.72,2686.51,2668.66,2674.31,278845310,10340760628054,2187461755865038
2024-09-02,A1001,2683.8,2686.98,2658.31,2681.0,266992573,8669962668666,2192680031182319
2024-09-03,A1001,2683.12,2695.59,2664.63,2664.63,303460408,8978417447396,2178330436205581
2024-09-04,A1001,2589.94,2608.13,2578.07,2580.8,455469305,11370290372994,2109693404841243
2024-09-05,A1001,2598.36,2615.8,2560.65,2575.5,379002653,10189751207176,2103967317605974
2024-09-06,A1001,2576.66,2576.94,2529.31,2544.28,374782188,8685310141898,2079144168315112
2024-09-09,A1001,2498.67,2543.22,2491.3,2535.93,270230978,7454380686929,2071956884756337
2024-09-10,A1001,2542.69,2544.83,2522.48,2523.43,347650170,8421866699897,2061808623287734
2024-09-11,A1001,2524.86,2526.13,2493.37,2513.37,302560681,9623015977525,2051977998276998
2024-09-12,A1001,2547.5,2572.09,2537.87,2572.09,340478891,11282356523795,2099101129801418
2024-09-13,A1001,2571.81,2584.11,2562.91,2575.41,358262872,8422029131843,2101346639321967
2024-09-19,A1001,2594.67,2598.68,2550.09,2580.8,385081293,12871058979763,2106110321613510
2024-09-20,A1001,2603.83,2619.55,2591.4,2593.37,495964133,14276592945661,2116582292566161
2024-09-23,A1001,2596.47,2603.57,2588.49,2602.01,339140017,9526459225941,2122839424585600
2024-09-24,A1001,2612.45,2631.68,2597.81,2631.68,355097005,10338360663397,2146552075310106
2024-09-25,A1001,2652.71,2663.36,2596.32,2596.32,454471748,11671496763447,2118800293629689
2024-09-26,A1001,2630.91,2671.57,2630.3,2671.57,324888966,11602405999054,2179114311367054
2024-09-27,A1001,2674.58,2681.45,2649.78,2649.78,413004129,11987017925748,2162827763884496
2024-09-30,A1001,2665.24,2668.66,2593.27,2593.27,358915798,10806867445787,2115975531403173
2024-10-02,A1001,2566.55,2591.61,2555.46,2561.69,351004351,9607877432678,2091253055072237
2024-10-04,A1001,2563.7,2585.59,2555.57,2569.71,414328553,10016557160951,2097299169852461
2024-10-07,A1001,2579.2,2611.93,2561.46,2610.38,343671145,10378943872137,2129898509102692
2024-10-08,A1001,2592.65,2601.96,2581.79,2594.36,318240024,9168276247124,2116186427772118
2024-10-10,A1001,2611.65,2613.61,2596.86,2599.16,618559988,13867594373662,2118769902148872
2024-10-11,A1001,2612.02,2621.93,2594.43,2596.91,491276237,9548436311434,2116899470457183
2024-10-14,A1001,2602.63,2628.54,2602.63,2623.29,401705670,8525414408760,2138449589891613
2024-10-15,A1001,2632.37,2635.32,2615.47,2633.45,438292799,10054355841679,2147319522898363
2024-10-16,A1001,2606.7,2622.33,2601.35,2610.36,437552776,10053097319299,2129276601242486
2024-10-17,A1001,2620.74,2622.71,2603.52,2609.3,331265227,9953645240876,2127416627409576
2024-10-18,A1001,2616.04,2618.32,2587.96,2593.82,265201103,8274853556430,2115279710372210
2024-10-21,A1001,2600.77,2618.71,2594.05,2604.92,240675023,7757213527460,2124505397404487
2024-10-22,A1001,2600.87,2604.16,2564.46,2570.7,343318170,8958061448792,2096600928094997
2024-10-23,A1001,2575.25,2607.79,2567.42,2599.62,352421162,9430154792746,2120697375665930
2024-10-24,A1001,2591.69,2600.26,2578.8,2581.03,343098218,9733937488291,2104042768297716
2024-10-25,A1001,2597.44,2611.27,2577.0,2583.27,462898403,10286877485946,2105651493083676
2024-10-28,A1001,2588.45,2612.96,2587.2,2612.43,333735957,9133006346665,2129841276048609
2024-10-29,A1001,2606.94,2617.8,2595.86,2617.8,363290058,9341171256858,2134424479869187
2024-10-30,A1001,2606.99,2613.47,2586.88,2593.79,487359045,9067046289191,2114675137976877
2024-10-31,A1001,2575.24,2579.65,2552.36,2556.15,406613036,10980673439062,2083807734485505
2024-11-01,A1001,2542.96,2559.3,2536.84,2542.36,319848769,7944318405637,2072677282762738
2024-11-04,A1001,2549.04,2588.97,2542.68,2588.97,373943470,8064748773264,2110215065385317
2024-11-05,A1001,2570.24,2586.73,2564.66,2576.88,310875315,7716007774972,2100113789116178
2024-11-06,A1001,2591.9,2592.75,2544.04,2563.51,548506117,11791887929674,2089044036625021
2024-11-07,A1001,2557.23,2579.81,2540.48,2564.63,465146173,10809704016429,2089840468646244
2024-11-08,A1001,2586.7,2593.15,2553.42,2561.15,448734499,9921212340072,2087229089933475
2024-11-11,A1001,2562.05,2562.05,2525.56,2531.66,572196827,11290168186878,2062998743903726
2024-11-12,A1001,2527.94,2532.44,2481.53,2482.57,735812780,12848018036593,2022644867370757
2024-11-13,A1001,2468.27,2478.87,2415.77,2417.08,619176261,11208360429193,1970663209161735
2024-11-14,A1001,2430.26,2441.43,2410.93,2418.86,639989952,13017388247182,1972611776340117
2024-11-15,A1001,2413.05,2433.18,2390.56,2416.86,623327161,12365758546178,1973513509553940
2024-11-18,A1001,2440.31,2480.01,2437.53,2469.07,443925881,10621301146512,2017377526672606
2024-11-19,A1001,2469.13,2479.39,2465.15,2471.95,410856127,9085861075487,2019146278738576
2024-11-20,A1001,2475.76,2489.15,2471.79,2482.29,408789732,7820084740597,2033134230437159
2024-11-21,A1001,2474.62,2496.97,2474.62,2480.63,451118534,8356409257842,2032824142509323
2024-11-22,A1001,2493.42,2511.23,2492.21,2501.24,543517791,8017171405214,2048900260074806
2024-11-25,A1001,2524.11,2541.76,2517.98,2534.34,564692445,13495227553966,2075112931767044
2024-11-26,A1001,2521.39,2526.62,2512.21,2520.36,441708781,8709923196814,2064372965736248
2024-11-27,A1001,2518.82,2526.32,2498.32,2503.06,414339138,8586048743292,2049072449824867
2024-11-28,A1001,2499.69,2513.63,2495.64,2504.67,342571105,7572752629681,2050357986144085
2024-11-29,A1001,2496.93,2496.93,2446.96,2455.91,384278001,9106481521439,2011421418734674
2024-12-02,A1001,2479.02,2483.29,2448.45,2454.48,328109545,7591739683478,2009713877727404
2024-12-03,A1001,2472.06,2500.67,2471.55,2500.1,324137730,9145172832624,2046261046449732
2024-12-04,A1001,2450.76,2483.04,2442.46,2464.0,670284268,13296925007005,2016934529725719
2024-12-05,A1001,2471.45,2471.45,2434.78,2441.85,519351593,9720715707167,1999305298106164
2024-12-06,A1001,2451.6,2459.24,2397.73,2428.16,630408602,10726880321289,1988510021328156
2024-12-09,A1001,2392.37,2399.52,2360.18,2360.58,591644435,10004534867179,1933161934819931
2024-12-10,A1001,2384.51,2419.06,2384.51,2417.84,598770280,9303804224973,1979769346742696
2024-12-11,A1001,2412.15,2443.34,2411.38,2442.51,617716470,7745860519277,1999754741961752
2024-12-12,A1001,2456.63,2487.95,2448.76,2482.12,664187237,12259144225557,2032250619015376
2024-12-13,A1001,2473.75,2500.32,2470.24,2494.46,577737398,8849455236945,2042115883546408
2024-12-16,A1001,2511.08,2515.62,2483.43,2488.97,526708153,8466421567755,2037825063390027
2024-12-17,A1001,2487.31,2487.31,2455.05,2456.81,559039721,9284835596090,2010343832541547
2024-12-18,A1001,2463.06,2492.0,2462.82,2484.43,441677820,8338565732727,2033135712509950
2024-12-19,A1001,2426.55,2450.05,2423.59,2435.93,504467068,8443749654047,1993417137823853
2024-12-20,A1001,2429.63,2430.69,2389.86,2404.15,617782376,9347347558007,1967064816798788
2024-12-23,A1001,2423.36,2446.97,2413.62,2442.01,428166806,7375539570358,1998047401443676
2024-12-24,A1001,2450.55,2452.85,2432.42,2440.52,386777917,6740790173171,1997825853682133
2024-12-26,A1001,2449.52,2449.52,2428.82,2429.67,322800054,6410407187557,1989005161072953
2024-12-27,A1001,2419.46,2423.86,2388.33,2404.77,311291279,6339606976315,1966956732701405
2024-12-30,A1001,2397.49,2429.75,2390.44,2399.49,303963509,5315451121758,1963328801432073
2025-01-02,A1001,2400.87,2410.99,2386.84,2398.94,350691927,6958648750080,1963454272081159
2025-01-03,A1001,2402.58,2454.67,2402.58,2441.92,407536387,8230070287923,1998126924797077
2025-01-06,A1001,2453.3,2489.1,2446.82,2488.64,302760981,8142307849602,2036394312458755
2025-01-07,A1001,2513.49,2521.86,2492.09,2492.1,407692929,9405964049041,2038522932687508
2025-01-08,A1001,2481.25,2526.77,2481.25,2521.05,362908922,10391057773317,2062626681696110
2025-01-09,A1001,2526.1,2535.87,2515.82,2521.9,404290371,11524453907612,2063837692886240
2025-01-10,A1001,2528.42,2535.24,2506.29,2515.78,377586658,9691007647524,2058638841592924
2025-01-13,A1001,2508.15,2513.93,2483.73,2489.56,578565446,9049053425756,2036397074805700
2025-01-14,A1001,2501.49,2504.89,2482.74,2497.4,414487640,8199244671041,2042488521677972
2025-01-15,A1001,2511.07,2524.36,2493.1,2496.81,538534310,9176243659173,2041769170734816
2025-01-16,A1001,2528.27,2534.01,2519.86,2527.49,451062578,9432261340912,2065809157709104
2025-01-17,A1001,2520.85,2528.48,2513.84,2523.55,445884915,10011839897387,2062320503702578
2025-01-20,A1001,2533.68,2536.72,2516.28,2520.05,437546001,8663518721587,2059663885223968
2025-01-21,A1001,2533.23,2548.44,2507.95,2518.03,572011300,9323573978039,2058259490075974
2025-01-22,A1001,2535.8,2552.57,2526.89,2547.06,583737394,11074514904158,2081713985266173
2025-01-23,A1001,2541.24,2541.6,2515.49,2515.49,609742131,9907820760947,2056088891657315
2025-01-24,A1001,2529.29,2542.83,2522.64,2536.8,602014660,10179284029760,2073049460254918
2025-01-31,A1001,2534.33,2537.98,2496.95,2517.37,454403356,13759431159982,2057132279189022
2025-02-03,A1001,2468.74,2468.74,2437.61,2453.95,522848036,11649962821524,2005228762346525
2025-02-04,A1001,2481.44,2508.35,2471.63,2481.69,479377343,11000937680837,2028588344752300
2025-02-05,A1001,2503.94,2514.71,2498.74,2509.27,437344153,9949594557748,2056473640972619
2025-02-06,A1001,2521.82,2536.75,2515.34,2536.75,479697230,11863047995673,2078576667689643
2025-02-07,A1001,2532.09,2537.63,2519.01,2521.92,419872051,10240140504999,2066649815662131
2025-02-10,A1001,2510.64,2527.33,2499.18,2521.27,393563727,10582465784194,2067049975510715
2025-02-11,A1001,2532.87,2549.44,2527.74,2539.05,451092989,11023156462010,2081311465922200
2025-02-12,A1001,2534.71,2549.58,2528.74,2548.39,464894178,13668983788526,2088883959979358
2025-02-13,A1001,2558.95,2583.74,2555.98,2583.17,680341736,17104156094956,2116865565381814
2025-02-14,A1001,2588.2,2600.57,2582.84,2591.05,499364641,13917625961701,2123295637182044
2025-02-17,A1001,2595.99,2612.8,2592.57,2610.42,366339998,11017333473620,2138576064568082
2025-02-18,A1001,2613.25,2628.47,2605.15,2626.81,421993118,12618242477587,2152414939585229
2025-02-19,A1001,2633.91,2680.7,2633.91,2671.52,525798791,14851621874895,2190321476628339
2025-02-20,A1001,2661.72,2667.59,2645.53,2654.06,529303324,14551190986281,2176898820918304
2025-02-21,A1001,2653.76,2656.04,2638.44,2654.58,444704240,11381060470064,2176175331210928
2025-02-24,A1001,2636.12,2645.27,2626.88,2645.27,536354114,10802085081805,2167788263381009
2025-02-25,A1001,2617.64,2641.49,2617.12,2630.29,410284831,10508475591510,2155255658945223
2025-02-26,A1001,2629.86,2648.06,2620.16,2641.09,386762622,11218719900855,2163540431082131
2025-02-27,A1001,2637.63,2638.47,2610.47,2621.75,513909805,10802121046832,2147708334692199
2025-02-28,A1001,2585.61,2586.78,2531.24,2532.78,588571521,15637224696362,2074378682303205
2025-03-04,A1001,2522.2,2548.78,2513.31,2528.92,484081351,13115384134880,2071277908689397
2025-03-05,A1001,2548.45,2561.47,2535.18,2558.13,569412248,13021641663686,2094580712219600
2025-03-06,A1001,2573.55,2583.65,2565.57,2576.16,609615704,11319665264837,2105642393608409
2025-03-07,A1001,2553.44,2575.48,2541.49,2563.48,567191412,12155164964202,2095892197484635
2025-03-10,A1001,2555.4,2579.76,2549.99,2570.39,435694828,9881353741270,2101439969373815
2025-03-11,A1001,2516.69,2547.88,2505.91,2537.6,399016248,10917540670799,2074862207732268
2025-03-12,A1001,2552.6,2579.69,2541.66,2574.82,401644557,12284769101722,2105091420669291
2025-03-13,A1001,2598.06,2600.07,2561.02,2573.64,427292042,13112911085717,2103969035866234
2025-03-14,A1001,2565.18,2576.74,2559.24,2566.36,362329393,9941799575184,2100287748455670
2025-03-17,A1001,2588.32,2610.69,2587.52,2610.69,396573940,11995073046698,2137307329817924
2025-03-18,A1001,2627.27,2638.56,2606.91,2612.34,555526574,12034578631086,2138918441303969
2025-03-19,A1001,2613.48,2642.83,2613.48,2628.62,653326938,11841495256564,2153080834445234
2025-03-20,A1001,2648.16,2650.72,2629.2,2637.1,455019267,11989258245357,2160968151053248
2025-03-21,A1001,2633.9,2645.82,2617.78,2643.13,497529180,14188127737060,2166240031337451
2025-03-24,A1001,2636.43,2648.82,2629.38,2632.07,372431632,6924064394711,2156710253624274
2025-03-25,A1001,2653.04,2654.63,2612.74,2615.81,439279423,8305059590006,2143539656810207
2025-03-26,A1001,2628.09,2649.15,2618.05,2643.94,507916080,7655330119639,2166757904270967
2025-03-27,A1001,2620.28,2633.03,2603.41,2607.15,403313562,7676249317680,2137689097655124
2025-03-28,A1001,2592.63,2592.63,2549.26,2557.98,513561475,7150421589957,2097055968124136
2025-03-31,A1001,2513.44,2514.22,2479.46,2481.12,391592782,8236353358064,2033508107511968
2025-04-01,A1001,2511.24,2530.61,2494.43,2521.39,453393641,6939450184454,2066091544186739
2025-04-02,A1001,2525.62,2532.15,2499.83,2505.86,515599740,7316124788243,2053517297572435
2025-04-03,A1001,2437.43,2488.92,2437.43,2486.7,480057159,8267470857840,2037334829405671
2025-04-04,A1001,2450.49,2506.71,2438.02,2465.42,695074881,10742833732479,2019896586676231
2025-04-07,A1001,2359.25,2369.4,2327.01,2328.2,619500714,10505492820465,1907591512851795
2025-04-08,A1001,2381.2,2381.31,2328.94,2334.23,557018146,9122473931623,1912870141561465
2025-04-09,A1001,2329.99,2337.58,2284.72,2293.7,699641582,9560332636518,1880172676575802
2025-04-10,A1001,2395.13,2445.06,2391.39,2445.06,670388052,11055426187398,2002786361478506
2025-04-11,A1001,2400.74,2433.18,2394.25,2432.72,369702818,7687103441531,1991847800076662
2025-04-14,A1001,2454.28,2465.56,2449.48,2455.89,488618364,6687793560550,2011102252591424
2025-04-15,A1001,2464.51,2482.56,2461.23,2477.41,560339502,6510808882534,2027996669924309
2025-04-16,A1001,2472.78,2475.83,2442.72,2447.43,613173904,6725688052971,2004854313353399
2025-04-17,A1001,2451.7,2473.24,2447.4,2470.41,601738661,6606299171146,2023188315630385
2025-04-18,A1001,2473.3,2486.37,2466.9,2483.42,450985117,5649647492055,2033957406882575
2025-04-21,A1001,2486.38,2498.84,2479.23,2488.42,428977098,5239732779307,2038270654755274
2025-04-22,A1001,2481.18,2494.59,2476.14,2486.64,416680149,6182470913439,2036867826267906
2025-04-23,A1001,2520.56,2526.72,2507.1,2525.56,538116134,7764179609542,2068411537802202
2025-04-24,A1001,2525.34,2530.61,2507.21,2522.33,327935351,7272322115520,2066148877318083
2025-04-25,A1001,2544.59,2553.33,2534.94,2546.3,403527737,8760600168638,2085721220951885
2025-04-28,A1001,2551.23,2558.69,2541.97,2548.86,454102177,7803354897543,2087208356086974
2025-04-29,A1001,2550.25,2571.41,2542.25,2565.42,547081468,9215174352275,2100881633409069
2025-04-30,A1001,2561.04,2570.83,2544.46,2556.61,487488833,8435602446234,2094129065499498
2025-05-02,A1001,2556.52,2567.04,2540.57,2559.79,585492284,8327449263431,2095822345518174
2025-05-07,A1001,2577.04,2581.85,2559.17,2573.8,546755132,8935449197459,2106864657755093
2025-05-08,A1001,2581.27,2590.9,2575.78,2579.48,471635814,10270131237563,2111359746379270
2025-05-09,A1001,2587.93,2589.58,2571.2,2577.27,485550305,8034852607528,2110382907460644
2025-05-12,A1001,2593.94,2607.33,2585.6,2607.33,409749435,8527539580051,2135960504101417
2025-05-13,A1001,2601.76,2620.64,2601.58,2608.42,422459803,8746089121686,2139365845830776
2025-05-14,A1001,2625.36,2646.01,2619.15,2640.57,390503815,8893191507759,2165384001366960
2025-05-15,A1001,2634.5,2643.83,2618.08,2621.36,339578793,7254024641690,2150748687253873
2025-05-16,A1001,2630.64,2633.98,2619.1,2626.87,359706542,8025031996677,2154435500387806
2025-05-19,A1001,2613.7,2619.43,2593.44,2603.42,313296021,6752438008652,2134853767220355
2025-05-20,A1001,2622.68,2622.91,2598.1,2601.8,456989355,7661430134210,2133507447170795
2025-05-21,A1001,2615.9,2633.41,2614.73,2625.58,371527419,7441128800151,2151605513502848
2025-05-22,A1001,2614.66,2616.53,2588.09,2593.67,358064259,8965468020130,2126011918881695
2025-05-23,A1001,2603.57,2604.14,2589.51,2592.09,434024136,8659673623776,2124299597613703
2025-05-26,A1001,2598.45,2644.4,2595.96,2644.4,380173138,8342809610327,2166285731881608
2025-05-27,A1001,2630.29,2642.63,2625.66,2637.22,318285651,7908808324037,2160239944298804
2025-05-28,A1001,2648.86,2692.47,2643.5,2670.15,405473857,11238813826664,2188074979266972
2025-05-29,A1001,2691.06,2720.64,2686.64,2720.64,448340888,10895570257616,2229208577577636
2025-05-30,A1001,2713.24,2717.54,2689.87,2697.67,525661026,14803606217765,2210646190920267
2025-06-02,A1001,2692.91,2719.87,2685.14,2698.97,323603809,8062944006492,2211661469940351
2025-06-04,A1001,2737.92,2771.03,2734.02,2770.84,489937474,12106350015702,2270569997770892
2025-06-05,A1001,2790.33,2831.11,2787.76,2812.05,556013446,13293000248477,2302942060259452
2025-06-09,A1001,2841.56,2867.27,2841.39,2855.77,537617180,14030330524110,2337790728639509
2025-06-10,A1001,2872.62,2885.67,2849.67,2871.85,508184663,14289817957640,2350164580015300
2025-06-11,A1001,2887.32,2908.16,2879.92,2907.04,393929540,12475002592550,2378921384948741
2025-06-12,A1001,2909.99,2934.31,2909.99,2920.03,713705710,17344655814990,2389048717129180
2025-06-13,A1001,2930.57,2932.38,2877.07,2894.62,931657602,17462763974297,2369323120142404
2025-06-16,A1001,2903.5,2947.07,2886.13,2946.66,726351750,14401114308029,2410638877644740
2025-06-17,A1001,2959.93,2998.62,2925.79,2950.3,939594106,17915934818024,2414138075097102
2025-06-18,A1001,2933.63,2979.32,2933.63,2972.19,576548034,14668323378767,2432540489952913
2025-06-19,A1001,2989.56,2996.04,2954.47,2977.74,433310535,13786565754695,2436368787253298
2025-06-20,A1001,2986.52,3022.06,2972.37,3021.84,484864681,17974844407806,2471814406598870
2025-06-23,A1001,2992.2,3019.81,2971.36,3014.47,625650915,17879769854238,2465283335804106
2025-06-24,A1001,3061.14,3105.04,3061.14,3103.64,579200567,19107339943731,2538235150827130
2025-06-25,A1001,3127.79,3129.09,3084.86,3108.25,644761399,19662628183278,2543092930441839
2025-06-26,A1001,3108.34,3113.03,3036.55,3079.56,460611798,17030574191361,2519593951599544
2025-06-27,A1001,3077.87,3093.56,3041.85,3055.94,381633939,13970283384996,2500663765269373
2025-06-30,A1001,3072.75,3086.0,3063.42,3071.7,464162919,13333814294163,2512091649124343
2025-07-01,A1001,3089.64,3133.52,3088.45,3089.65,576016844,15184804010768,2527488234089640
2025-07-02,A1001,3083.82,3090.61,3032.47,3075.06,696798456,14829869598196,2516192194451781
2025-07-03,A1001,3100.33,3116.27,3085.98,3116.27,539120202,14883213548329,2551106276337041
2025-07-04,A1001,3122.28,3123.84,3052.91,3054.28,520763440,13571164280163,2501091815119605
2025-07-07,A1001,3044.78,3068.43,3032.99,3059.47,359404588,10204542570975,2504046206230287
2025-07-08,A1001,3071.74,3115.86,3066.03,3114.95,745793067,13491404979089,2548966093022255
2025-07-09,A1001,3123.22,3137.17,3111.02,3133.74,642960883,12654909764711,2563422971103981
2025-07-10,A1001,3144.14,3183.23,3133.81,3183.23,596571574,14124821031009,2603739245288003
2025-07-11,A1001,3186.35,3216.69,3170.46,3175.77,465292057,13342066116082,2598982928438423
2025-07-14,A1001,3175.59,3202.06,3170.72,3202.03,444035800,11565586285784,2620057063000663
2025-07-15,A1001,3194.82,3216.01,3183.83,3215.28,419651712,12238772420133,2631087507465974
2025-07-16,A1001,3207.48,3209.2,3178.42,3186.38,531498719,11328776416006,2608342484105158
2025-07-17,A1001,3201.42,3201.42,3152.42,3192.29,424787619,15365406027980,2613900035981381
2025-07-18,A1001,3200.44,3204.75,3169.69,3188.07,393449261,11939229667870,2610008447251791
2025-07-21,A1001,3191.11,3211.14,3188.87,3210.81,343910781,10662279408140,2632829588919004
2025-07-22,A1001,3210.12,3220.27,3155.25,3169.94,378485911,11604659217066,2599056209995773
2025-07-23,A1001,3189.65,3199.86,3141.93,3183.77,664826146,12201364684336,2610788646131533
2025-07-24,A1001,3209.43,3237.97,3183.05,3190.45,425499879,12993187344837,2615776094044113
2025-07-25,A1001,3184.37,3205.82,3184.37,3196.05,389290718,9822238040874,2621558325609622
2025-07-28,A1001,3228.61,3228.61,3180.18,3209.52,502719579,13872945078805,2634028944917939
2025-07-29,A1001,3192.17,3232.31,3169.03,3230.57,373203172,12769212511711,2651327886580283
2025-07-30,A1001,3233.31,3269.4,3227.28,3254.47,338073688,12968500091756,2671786675912336
2025-07-31,A1001,3275.78,3288.26,3227.46,3245.44,540323825,16455571940540,2662743380814128
2025-08-01,A1001,3210.32,3210.32,3117.92,3119.41,507776245,15281248640166,2563576815036689
2025-08-04,A1001,3114.27,3157.45,3105.63,3147.75,293453733,9724691307255,2587242951270715
2025-08-05,A1001,3187.15,3212.31,3174.23,3198.0,273439606,10950201163619,2627767157184861
2025-08-06,A1001,3182.06,3200.15,3176.61,3198.14,327358365,11128301636396,2627785497278353
2025-08-07,A1001,3214.81,3227.68,3200.28,3227.68,327047544,11201368337831,2652059094215135
2025-08-08,A1001,3220.58,3227.28,3198.31,3210.01,341443229,11401116948366,2640295716796715
2025-08-11,A1001,3220.72,3223.23,3199.9,3206.77,304968427,10338941285390,2637340169715307
2025-08-12,A1001,3209.75,3242.17,3189.58,3189.91,373217178,10165450116361,2623723769032037
2025-08-13,A1001,3225.4,3226.37,3192.17,3224.37,320069786,10352059537799,2652083637181810
2025-08-14,A1001,3226.52,3239.55,3210.83,3225.66,441467896,10002172706811,2652623803641114
2025-08-18,A1001,3202.63,3206.77,3177.28,3177.28,326132755,8941932487220,2612867377572908
2025-08-19,A1001,3185.04,3185.48,3142.48,3151.56,285290653,8624169781604,2592063275359109
2025-08-20,A1001,3121.52,3132.83,3079.27,3130.09,335285191,11773562869622,2574971562273452
2025-08-21,A1001,3140.71,3166.54,3134.86,3141.74,276915481,10893275255572,2584834308775292
2025-08-22,A1001,3165.41,3181.95,3159.45,3168.73,236797098,8337524064582,2606520880531289
2025-08-25,A1001,3195.14,3209.86,3180.12,3209.86,220165003,8091673150742,2639930147123357
2025-08-26,A1001,3199.92,3199.92,3175.31,3179.36,325353201,12954910480221,2614613563218803
2025-08-27,A1001,3185.87,3189.31,3165.77,3187.16,281721035,8851872014319,2621003592123119
2025-08-28,A1001,3175.33,3211.34,3164.08,3196.32,312188158,9875760133000,2627849618885572
2025-08-29,A1001,3208.8,3212.69,3184.48,3186.01,245132452,8969307869056,2619011116578555
2025-09-01,A1001,3164.58,3177.4,3135.02,3142.93,260138455,8003230744765,2583440143168908
2025-09-02,A1001,3155.73,3174.16,3151.93,3172.35,310678131,8676467905841,2608214267274218
2025-09-03,A1001,3177.75,3187.48,3167.23,3184.42,335816449,8811868562778,2618478732744148
2025-09-04,A1001,3188.84,3205.61,3185.49,3200.83,286255881,7977947156742,2631602507638663
2025-09-05,A1001,3208.83,3214.64,3196.19,3205.12,323844686,10942042116464,2636841421046516
2025-09-08,A1001,3209.81,3221.14,3206.34,3219.59,372299882,8217818415298,2648880278485327
2025-09-09,A1001,3231.31,3260.05,3221.98,3260.05,439945501,10628640888119,2682471396020302
2025-09-10,A1001,3272.2,3317.77,3272.07,3314.53,564706848,13703544856383,2726778752216321
2025-09-11,A1001,3336.6,3344.7,3311.86,3344.2,435588829,14947009019240,2750487884332290
2025-09-12,A1001,3374.65,3395.54,3362.86,3395.54,448857492,13932277217565,2792432470702270
2025-09-15,A1001,3407.78,3420.23,3391.33,3407.31,378854245,12792738454649,2802795681701775
2025-09-16,A1001,3421.13,3452.5,3418.1,3449.62,406214278,14058944540679,2838180010916733
2025-09-17,A1001,3433.83,3433.83,3406.75,3413.4,326609906,11611597358894,2808274005979516
2025-09-18,A1001,3432.77,3461.3,3422.77,3461.3,391177053,12409116590064,2848188126349412
2025-09-19,A1001,3461.23,3467.89,3434.61,3445.24,348844702,15111282864331,2834490035669669
2025-09-22,A1001,3463.84,3482.25,3458.87,3468.65,287867235,11996187013111,2855488314793656
2025-09-23,A1001,3489.46,3494.49,3467.83,3486.19,358335419,12152383322121,2869842571401625
2025-09-24,A1001,3492.03,3497.95,3442.41,3472.14,287145415,11806998240931,2858429845707367
2025-09-25,A1001,3458.98,3479.42,3454.08,3471.11,293074983,12640781197188,2857634253445223
2025-09-26,A1001,3440.39,3441.91,3365.73,3386.05,399149806,12606212195076,2787520691990662
2025-09-29,A1001,3414.43,3439.12,3413.33,3431.21,416480046,10008858561135,2824950733618843
2025-09-30,A1001,3436.0,3443.38,3421.89,3424.6,526401520,11157443411281,2817769969229231
2025-10-01,A1001,3444.06,3459.74,3440.42,3455.83,493641155,12344643388616,2845543746980053
2025-10-02,A1001,3525.48,3565.96,3512.16,3549.21,402107231,19456116765360,2922226398313787
2025-10-10,A1001,3598.11,3617.86,3569.44,3610.6,407410846,19600845152565,2974646441764439
2025-10-13,A1001,3550.08,3584.55,3522.54,3584.55,408033131,14270855613049,2952828804530513
2025-10-14,A1001,3604.12,3646.77,3535.52,3561.81,734084905,18926398057017,2933878249069508
2025-10-15,A1001,3580.64,3659.91,3577.06,3657.28,543606716,13879932193738,3011908107364069
2025-10-16,A1001,3675.82,3748.37,3675.82,3748.37,495790790,17664818382797,3086315775634677
2025-10-17,A1001,3732.76,3794.87,3722.07,3748.89,420769792,17268693077595,3086895728948205
2025-10-20,A1001,3775.4,3814.69,3728.38,3814.69,410146751,14190573342156,3141020446206737
2025-10-21,A1001,3851.01,3893.06,3816.19,3823.84,526854280,19373490542844,3150160277294047
2025-10-22,A1001,3827.23,3883.68,3794.52,3883.68,597215988,15451168656133,3197177009086480
2025-10-23,A1001,3835.79,3902.21,3822.33,3845.56,423588471,16255705645739,3164799754839550
2025-10-24,A1001,3893.23,3951.07,3886.64,3941.59,426896560,17800793870343,3242987677820676
2025-10-27,A1001,3999.79,4042.83,3999.79,4042.83,516998547,20122806110920,3325893588152838
2025-10-28,A1001,4010.47,4018.22,3972.56,4010.41,408224732,19719872621077,3298578950794474
2025-10-29,A1001,4061.54,4084.09,4014.84,4081.15,466898421,22033182304082,3357610183598751
2025-10-30,A1001,4105.95,4146.72,4070.79,4086.89,566538268,24198286552685,3364689797640767
2025-10-31,A1001,4083.25,4122.09,4059.74,4107.5,408275232,22950424588062,3383447874399935
2025-11-03,A1001,4123.36,4221.92,4123.36,4221.87,472676323,22728714597138,3477046106115597
2025-11-04,A1001,4219.24,4226.75,4117.91,4121.74,423542560,20785686586392,3392104995408260
2025-11-05,A1001,4055.47,4055.47,3867.81,4004.42,594162840,29186234065822,3294411883299844
2025-11-06,A1001,4092.46,4111.96,3985.29,4026.45,423420832,21483948611420,3311622923440594
2025-11-07,A1001,3963.72,4037.61,3887.32,3953.76,377049668,18794295713216,3252007791121429
2025-11-10,A1001,3991.87,4092.91,3984.24,4073.24,339514007,16685675541574,3349850858814010
2025-11-11,A1001,4124.3,4187.46,4066.58,4106.39,377553974,20118818678387,3378037314926242
2025-11-12,A1001,4097.44,4154.62,4088.86,4150.39,334584453,15670659198860,3413518794879764
2025-11-13,A1001,4127.57,4188.54,4123.84,4170.63,424188608,17517048400982,3430213936916230
2025-11-14,A1001,4061.91,4092.76,4011.4,4011.57,399992380,17968602377429,3298648291977145
2025-11-17,A1001,4078.57,4089.88,4045.4,4089.25,344096599,14352976610800,3363116830407584
2025-11-18,A1001,4044.47,4072.41,3953.26,3953.62,319659628,14077477816697,3251067247971822
2025-11-19,A1001,3966.64,3966.64,3854.95,3929.51,338241537,14586911018135,3230586001015168
2025-11-20,A1001,4030.97,4059.37,4001.31,4004.85,360281733,15143579448126,3293299591248162
2025-11-21,A1001,3908.7,3911.55,3838.46,3853.26,319324121,14166906140808,3168593846191949
2025-11-24,A1001,3915.16,3917.16,3838.2,3846.06,373120108,21411253137675,3169272356467234
2025-11-25,A1001,3942.36,3946.61,3833.35,3857.78,279293988,13275808347538,3180590413000717
2025-11-26,A1001,3891.88,3960.87,3866.66,3960.87,295326951,15777742925834,3265922270499562
2025-11-27,A1001,3989.45,4023.42,3968.43,3986.91,257854943,13008961064052,3286294870613815
2025-11-28,A1001,3995.3,3995.3,3921.89,3926.59,241922807,11927326021478,3235761043400269
2025-12-01,A1001,3967.92,3977.31,3892.08,3920.37,296914679,11805572699555,3232050936063668
2025-12-02,A1001,3939.09,3994.93,3935.14,3994.93,319034908,12439175118986,3293510638975859
2025-12-03,A1001,4010.26,4052.83,3987.76,4036.3,290896486,13375747628074,3326804886983061
2025-12-04,A1001,4018.91,4028.53,3982.54,4028.51,352043273,13716192682125,3321694379554629
2025-12-05,A1001,4023.5,4100.05,4003.29,4100.05,478512573,16308814953657,3380661222188895
2025-12-08,A1001,4109.25,4154.85,4081.26,4154.85,395582936,15207838759256,3424712364436096
2025-12-09,A1001,4129.77,4152.18,4121.21,4143.55,400643400,13328759163343,3415203834522782
2025-12-10,A1001,4159.05,4172.64,4123.6,4135.0,317901549,12625782614479,3408198244933671
2025-12-11,A1001,4163.32,4170.77,4103.2,4110.62,539843372,20308402514420,3389085400995160
2025-12-12,A1001,4123.83,4168.17,4120.73,4167.16,426616335,16545774986825,3435670897662502
2025-12-15,A1001,4053.74,4123.19,4052.65,4090.59,346844575,15438300438426,3373508123630625
2025-12-16,A1001,4093.32,4099.01,3996.23,3999.13,373989521,16525587865207,3298788270153600
2025-12-17,A1001,4019.43,4060.24,3994.65,4056.41,360955505,12968279650414,3348121946855785
2025-12-18,A1001,3989.6,4030.65,3975.5,3994.51,581445413,13077588489472,3297132526737519
2025-12-19,A1001,4055.78,4055.78,3997.05,4020.55,442664473,16470368044849,3318795642740196
2025-12-22,A1001,4096.26,4105.93,4083.13,4105.93,315627058,13013701888375,3389012795126445
2025-12-23,A1001,4127.4,4140.84,4110.25,4117.32,385848331,13460733860454,3398648765464528
2025-12-24,A1001,4136.24,4137.2,4106.62,4108.62,363613812,12114977293960,3391545827207752
2025-12-26,A1001,4130.37,4143.14,4116.53,4129.68,510161651,16273592100742,3409552385683355
2025-12-29,A1001,4146.48,4220.56,4146.48,4220.56,502393980,14535157883542,3483297659265304
2025-12-30,A1001,4193.75,4226.36,4186.95,4214.17,408198125,13213491562311,3477839534742714
