date,ticker,inst_net_value,other_corp_net_value,retail_net_value,foreign_net_value,total_net_value
2023-01-02,A1001,-266420384362,36849545095,222969530228,6601309039,0
2023-01-03,A1001,-355786681450,-10793617181,274820113950,91760184681,0
2023-01-04,A1001,-155571962,35423693015,-295934452202,260666331149,0
2023-01-05,A1001,-351706351490,13091171095,-164544528705,503159709100,0
2023-01-06,A1001,243733364898,6227820729,-564021112602,314059926975,0
2023-01-09,A1001,741931555360,1502932574,-1395182900215,651748412281,0
2023-01-10,A1001,296871601813,4126308211,-298768163729,-2229746295,0
2023-01-11,A1001,174550637628,-1783262007,-206389446341,33622070720,0
2023-01-12,A1001,-437128069092,1699955344,-48896312759,484324426507,0
2023-01-13,A1001,212673442493,-3460386649,-777380012351,568166956507,0
2023-01-16,A1001,221760115487,-18999654365,-490635469163,287875008041,0
2023-01-17,A1001,-309599208464,4291124863,128211145242,177096938359,0
2023-01-18,A1001,-216606531678,-5207673936,148970003594,72844202020,0
2023-01-19,A1001,-314781166766,4700395859,-260222916333,570303687240,0
2023-01-20,A1001,9140626016,6541700587,-246515509445,230833182842,0
2023-01-25,A1001,27569236426,-1946673386,-790316852212,764694289172,0
2023-01-26,A1001,247197174161,-6897353234,-1052283311304,811983490377,0
2023-01-27,A1001,223472347820,-8233647010,-1184837159520,969598458710,0
2023-01-30,A1001,-412396266611,-65929743316,461934929411,16391080516,0
2023-01-31,A1001,155986944262,9806333825,307562092182,-473355370269,0
2023-02-01,A1001,-194933587855,14946024435,-18286350406,198273913826,0
2023-02-02,A1001,-277564748210,77453481122,-354988673975,555099941063,0
2023-02-03,A1001,-194097408740,23695499428,-416284321787,586686231099,0
2023-02-06,A1001,-506555519572,26373819177,790363931834,-310182231439,0
2023-02-07,A1001,-278769775728,7348584877,326749537993,-55328347142,0
2023-02-08,A1001,3996254775,-19502782624,-563986837795,579493365644,0
2023-02-09,A1001,-386297647459,21234662463,214837750517,150225234479,0
2023-02-10,A1001,-626916138858,20113587578,554865761214,51936790066,0
2023-02-13,A1001,-411776898792,-130384360,342548928758,69358354394,0
2023-02-14,A1001,301791681951,22476342682,-385452768648,61184744015,0
2023-02-15,A1001,-778198391039,27668732878,1016278291832,-265748633671,0
2023-02-16,A1001,848483656092,24461270302,-936636245244,63691318850,0
2023-02-17,A1001,-383364023719,39611133709,223142740889,120610149121,0
2023-02-20,A1001,172812524741,45759784851,93390639480,-311962949072,0
2023-02-21,A1001,-93937427474,39929860170,33458232141,20549335163,0
2023-02-22,A1001,-686572430166,-7844671622,885619893307,-191202791519,0
2023-02-23,A1001,300357837718,22308676664,-331742672815,9076158433,0
2023-02-24,A1001,-95742736699,34568890157,359830615948,-298656769406,0
2023-02-27,A1001,-419993179569,65963087770,675724500493,-321694408694,0
2023-02-28,A1001,410444315754,23425857346,-145287291999,-288582881101,0
2023-03-02,A1001,-90257918044,-39466921010,-404297460413,534022299467,0
2023-03-03,A1001,33558093728,34515404977,21997023131,-90070521836,0
2023-03-06,A1001,458255627220,6035480599,-787681090075,323389982256,0
2023-03-07,A1001,-134610749647,16518338184,-216706676546,334799088009,0
2023-03-08,A1001,-951379538172,-55684032936,942829095566,64234475542,0
2023-03-09,A1001,579864687878,31380577393,360806322224,-972051587495,0
2023-03-10,A1001,-237125513088,49743659734,513207782291,-325825928937,0
2023-03-13,A1001,307724447013,2411595043,-328059038704,17922996648,0
2023-03-14,A1001,26112457174,47351571797,564947161297,-638411190268,0
2023-03-15,A1001,290854530806,35030611875,-247750503004,-78134639677,0
2023-03-16,A1001,-2098699039,21331915118,70255197293,-89488413372,0
2023-03-17,A1001,81570314872,19253019301,-174335830466,73512496293,0
2023-03-20,A1001,106743918178,10910158004,90055456323,-207709532505,0
2023-03-21,A1001,114019690160,25226844464,-83908965909,-55337568715,0
2023-03-22,A1001,142784431226,1190972749,-347093031514,203117627539,0
2023-03-23,A1001,214887083171,-15534305275,-412223442655,212870664759,0
2023-03-24,A1001,-215337762391,-94648022940,181709657618,128276127713,0
2023-03-27,A1001,69706438069,-9287316348,34375535557,-94794657278,0
2023-03-28,A1001,323063218659,-667693290,-279640574224,-42754951145,0
2023-03-29,A1001,328328550149,-19096473093,-333949553630,24717476574,0
2023-03-30,A1001,-428858957618,276604325990,-111452342806,263706974434,0
2023-03-31,A1001,36938281445,726198952,-721671029874,684006549477,0
2023-04-03,A1001,-341204923210,17408057279,486214710767,-162417844836,0
2023-04-04,A1001,214166396805,16121089355,80558586599,-310846072759,0
2023-04-05,A1001,301207942960,-6345227627,-276283287877,-18579427456,0
2023-04-06,A1001,-498106407994,29837205512,956127980550,-487858778068,0
2023-04-07,A1001,286288782874,36691940937,-1016411372708,693430648897,0
2023-04-10,A1001,-28340333114,-27578202035,-673611948024,729530483173,0
2023-04-11,A1001,294827688169,13301078313,-491615242803,183486476321,0
2023-04-12,A1001,-146689436501,22023108997,-108822315329,233488642833,0
2023-04-13,A1001,497599975864,29281027549,-180492525944,-346388477469,0
2023-04-14,A1001,261436657452,7989306212,-436377194725,166951231061,0
2023-04-17,A1001,-323963823969,-301757600,337783668966,-13518087397,0
2023-04-18,A1001,-710150562071,-44574840079,363454241285,391271160865,0
2023-04-19,A1001,44820129822,901647899,-38497031148,-7224746573,0
2023-04-20,A1001,-75824732930,6568815809,-87474723875,156730640996,0
2023-04-21,A1001,-84067959927,-1113429534,-194902143346,280083532807,0
2023-04-24,A1001,104335931039,15232597474,-82804898268,-36763630245,0
2023-04-25,A1001,58703069,-6425504034,-2256127154,8622928119,0
2023-04-26,A1001,-154962435569,24484305757,221876593242,-91398463430,0
2023-04-27,A1001,-485106853178,15680381473,186820560800,282605910905,0
2023-04-28,A1001,-355056353256,-81408925834,136008158591,300457120499,0
2023-05-02,A1001,228515111851,-16178439496,-554470216078,342133543723,0
2023-05-03,A1001,-263296523446,5388549174,348478029994,-90570055722,0
2023-05-04,A1001,-269388645728,2102228320,226686907429,40599509979,0
2023-05-08,A1001,449450438150,-1804653993,-698089545405,250443761248,0
2023-05-09,A1001,63625781672,-2106256412,-177406584251,115887058991,0
2023-05-10,A1001,-111132074645,-11927314471,5925875335,117133513781,0
2023-05-11,A1001,84778722112,171834930,-84921466428,-29090614,0
2023-05-12,A1001,-106637069805,-3178283082,357669949458,-247854596571,0
2023-05-15,A1001,144902429770,10616256936,-102938951711,-52579734995,0
2023-05-16,A1001,-57492359093,-42890323871,-128120576786,228503259750,0
2023-05-17,A1001,157436270458,9574303522,-331833951582,164823377602,0
2023-05-18,A1001,-81705726857,-7711612592,-446636295600,536053635049,0
2023-05-19,A1001,558189115976,-12291416021,-1100768240002,554870540047,0
2023-05-22,A1001,533043093661,-40962950952,-787876193809,295796051100,0
2023-05-23,A1001,399381343204,-7009673472,-338430303849,-53941365883,0
2023-05-24,A1001,-185400201263,6234211933,133128553850,46037435480,0
2023-05-25,A1001,-614521014094,5151018574,383223090532,226146904988,0
2023-05-26,A1001,-506191680739,8997023002,-413072600495,910267258232,0
2023-05-30,A1001,-112615399766,-17806843137,-542081387082,672503629985,0
2023-05-31,A1001,-287215146264,20356843699,46669811555,220188491010,0
2023-06-01,A1001,-384707685880,25108225289,358316514967,1282945624,0
2023-06-02,A1001,199982032636,-3606026982,-576199866415,379823860761,0
2023-06-05,A1001,452841891047,4659786522,-434543055997,-22958621572,0
2023-06-07,A1001,348797936619,-11031593264,-295047492167,-42718851188,0
2023-06-08,A1001,318582119910,-1707017824,66436288731,-383311390817,0
2023-06-09,A1001,366456119821,-18474720647,-824044829470,476063430296,0
2023-06-12,A1001,-14935582944,9035325249,345883107545,-339982849850,0
2023-06-13,A1001,133805471196,-21686501874,-249134601581,137015632259,0
2023-06-14,A1001,-128394063390,-23563797783,39312105524,112645755649,0
2023-06-15,A1001,-190529589592,15503485817,237051569542,-62025465767,0
2023-06-16,A1001,-214444978810,-5944919476,-208730073636,429119971922,0
2023-06-19,A1001,-77326646037,7531685128,430090784593,-360295823684,0
2023-06-20,A1001,-134811547831,6094835934,408336483074,-279619771177,0
2023-06-21,A1001,-133257020022,-290540364333,620753738787,-196956354432,0
2023-06-22,A1001,214064469718,1005730956,-105564448123,-109505752551,0
2023-06-23,A1001,-444658031475,32793813417,596228049678,-184363831620,0
2023-06-26,A1001,229842776928,-17615343339,-224709366950,12481933361,0
2023-06-27,A1001,16061545534,28025423033,58702039525,-102789008092,0
2023-06-28,A1001,58791986147,32190571595,301984127389,-392966685131,0
2023-06-29,A1001,-179115545809,-9195277770,130634228363,57676595216,0
2023-06-30,A1001,229989771966,15280950300,-70154039623,-175116682643,0
2023-07-03,A1001,771128356761,-6023775205,-750265026104,-14839555452,0
2023-07-04,A1001,-298331876448,62285292633,294231314142,-58184730327,0
2023-07-05,A1001,-614309095615,36042646635,321347072408,256919376572,0
2023-07-06,A1001,-421568707176,36637884023,551302438833,-166371615680,0
2023-07-07,A1001,-765049611338,40253852047,766216252941,-41420493650,0
2023-07-10,A1001,-190079509098,32105549517,311353952762,-153379993181,0
2023-07-11,A1001,166389104339,-1418199597,-428291049415,263320144673,0
2023-07-12,A1001,28439542389,21498434822,-266962779501,217024802290,0
2023-07-13,A1001,507853355084,-996946036,-718960217754,212103808706,0
2023-07-14,A1001,775688802259,-61171057987,-1328958691769,614440947497,0
2023-07-17,A1001,-231308628016,-26089585205,425784692381,-168386479160,0
2023-07-18,A1001,-331511199097,10255917620,477340085664,-156084804187,0
2023-07-19,A1001,-325666229365,6248661257,366842393347,-47424825239,0
2023-07-20,A1001,-316434395652,805575953,150395367783,165233451916,0
2023-07-21,A1001,15353799142,-7406308834,281208711073,-289156201381,0
2023-07-24,A1001,-304634417597,4123950159,471805487121,-171295019683,0
2023-07-25,A1001,-68911122236,55647152442,1376328343224,-1363064373430,0
2023-07-26,A1001,-65982473843,19244638492,993208478192,-946470642841,0
2023-07-27,A1001,435056153149,-8270570799,-507095039012,80309456662,0
2023-07-28,A1001,-456468854074,542402868,392137695080,63788756126,0
2023-07-31,A1001,-92093383623,38874069097,343954076102,-290734761576,0
2023-08-01,A1001,333204109967,25809785481,-550875834120,191861938672,0
2023-08-02,A1001,-686620099345,-19266215740,773449064522,-67562749437,0
2023-08-03,A1001,-665854220187,5448057510,809582821814,-149176659137,0
2023-08-04,A1001,-235244574807,2632542855,474882734584,-242270702632,0
2023-08-07,A1001,-328566486131,17426501578,28117361354,283022623199,0
2023-08-08,A1001,-439720177991,22464141745,556908631641,-139652595395,0
2023-08-09,A1001,-294277028307,17829215295,-87609785668,364057598680,0
2023-08-10,A1001,-90686237355,63054771284,260033395125,-232401929054,0
2023-08-11,A1001,-6224384134,14457300340,182927318195,-191160234401,0
2023-08-14,A1001,-332780412875,23495927695,427697082308,-118412597128,0
2023-08-16,A1001,-358186956533,39035354940,322451894771,-3300293178,0
2023-08-17,A1001,-97830925105,9430752651,86129805577,2270366877,0
2023-08-18,A1001,-284309929296,30658387480,358349652449,-104698110633,0
2023-08-21,A1001,26973521187,18687276440,-11328806555,-34331991072,0
2023-08-22,A1001,-6077773615,-29114224772,50961236597,-15769238210,0
2023-08-23,A1001,-88536052734,-15001683813,80579090587,22958645960,0
2023-08-24,A1001,293567051960,-7737804956,-395331758237,109502511233,0
2023-08-25,A1001,-176228722100,-10166943736,379578449946,-193182784110,0
2023-08-28,A1001,304779448313,-9346403909,-270879973359,-24553071045,0
2023-08-29,A1001,65346051254,47932953155,47729684771,-161008689180,0
2023-08-30,A1001,176514730150,22413484028,-178047129509,-20881084669,0
2023-08-31,A1001,160701417920,40471015885,11987950890,-213160384695,0
2023-09-01,A1001,-218012302145,25659104647,-176258789391,368611986889,0
2023-09-04,A1001,-42666339267,23738056801,-388234839495,407163121961,0
2023-09-05,A1001,-150527124581,29587333373,-40313808306,161253599514,0
2023-09-06,A1001,-305686388273,34728472266,339897057601,-68939141594,0
2023-09-07,A1001,-274955813118,31488821675,247014659126,-3547667683,0
2023-09-08,A1001,108282914037,28878310246,217047964691,-354209188974,0
2023-09-11,A1001,34041627465,19276371880,-75375405323,22057405978,0
2023-09-12,A1001,54390088340,21100129738,219681682323,-295171900401,0
2023-09-13,A1001,54512211179,21910878991,-189613936421,113190846251,0
2023-09-14,A1001,1223251617523,7368942227,-710969070065,-519651489685,0
2023-09-15,A1001,1067975780361,12337109738,-1127676824264,47363934165,0
2023-09-18,A1001,-14299457067,-1271394555,391466624096,-375895772474,0
2023-09-19,A1001,-384564883556,65465399832,316482460578,2617023146,0
2023-09-20,A1001,51278288706,26131110635,88929912256,-166339311597,0
2023-09-21,A1001,-722057124859,20566532071,768093646561,-66603053773,0
2023-09-22,A1001,-97903751745,16235693248,206952651215,-125284592718,0
2023-09-25,A1001,69945937884,17197938814,46634426296,-133778302994,0
2023-09-26,A1001,-472919175931,18976059593,494094003271,-40150886933,0
2023-09-27,A1001,-78821633442,15995194607,90144103268,-27317664433,0
2023-10-04,A1001,-449482679316,34661489589,832662623422,-417841433695,0
2023-10-05,A1001,-6013047177,-41912616910,319014129229,-271088465142,0
2023-10-06,A1001,177110363980,7099601785,141156108739,-325366074504,0
2023-10-10,A1001,589804902730,872537846,-382069848545,-208607592031,0
2023-10-11,A1001,622155912761,8476414289,-509750847808,-120881479242,0
2023-10-12,A1001,262436802231,-9070476319,-191566723436,-61799602476,0
2023-10-13,A1001,-284438802046,19496371850,422100205737,-157157775541,0
2023-10-16,A1001,8681152061,6979031934,194380589550,-210040773545,0
2023-10-17,A1001,-137531661024,-12046105248,-277900327618,427478093890,0
2023-10-18,A1001,-48175001753,-16658640041,-278575414602,343409056396,0
2023-10-19,A1001,-247310836068,-8593825256,388539085296,-132634423972,0
2023-10-20,A1001,-175845869017,-147833713240,111816022306,211863559951,0
2023-10-23,A1001,70542958511,21139362115,164610670624,-256292991250,0
2023-10-24,A1001,36194540381,47499523971,71508300764,-155202365116,0
2023-10-25,A1001,-63128064474,43944673657,361758146450,-342574755633,0
2023-10-26,A1001,110829026885,45426468797,322672081264,-478927576946,0
2023-10-27,A1001,221216432154,56556476841,101355412983,-379128321978,0
2023-10-30,A1001,42380059267,46250207416,-26020226368,-62610040315,0
2023-10-31,A1001,-72068894001,52897010378,343356211871,-324184328248,0
2023-11-01,A1001,463114917225,42269801884,-378442729113,-126941989996,0
2023-11-02,A1001,272657002205,23839302348,-436485348885,139989044332,0
2023-11-03,A1001,163360812451,6070213476,-304274663245,134843637318,0
2023-11-06,A1001,222222955277,8959463689,-936046859434,704864440468,0
2023-11-07,A1001,-382003041930,-490672457721,458951355107,413724144544,0
2023-11-08,A1001,75721794911,-34492730344,-27879979918,-13349084649,0
2023-11-09,A1001,28360146036,2577978306,-309689389592,278751265250,0
2023-11-10,A1001,-103816763545,26959225716,27141591312,49715946517,0
2023-11-13,A1001,-7441845583,17740082381,-23414232188,13115995390,0
2023-11-14,A1001,626912884512,10747913156,-543862390486,-93798407182,0
2023-11-15,A1001,1091553984298,-25713858095,-1615372866409,549532740206,0
2023-11-16,A1001,-62046018546,-1190373547,-392741398704,455977790797,0
2023-11-17,A1001,-241221823693,21304296597,292964585486,-73047058390,0
2023-11-20,A1001,437881282163,4561945013,-539382971439,96939744263,0
2023-11-21,A1001,110170214654,-23395911954,-438296851264,351522548564,0
2023-11-22,A1001,-153080618410,15228218596,-5788762618,143641162432,0
2023-11-23,A1001,-81006427468,18164937499,-57056342355,119897832324,0
2023-11-24,A1001,42590459997,17764228205,152213631379,-212568319581,0
2023-11-27,A1001,251988820138,-3225728587,-140967705152,-107795386399,0
2023-11-28,A1001,573526321359,2640567584,-482039656852,-94127232091,0
2023-11-29,A1001,-138778490295,-10641698571,68607301554,80812887312,0
2023-11-30,A1001,257207149575,-4447039097,-375435240902,122675130424,0
2023-12-01,A1001,-414235181765,25219217068,566470906591,-177454941894,0
2023-12-04,A1001,171080424191,-16885216998,-413362720533,259167513340,0
2023-12-05,A1001,-176899890946,990149530,146568657781,29341083635,0
2023-12-06,A1001,240069110144,496484332,-95489605547,-145075988929,0
2023-12-07,A1001,-204925669405,13496861376,151552137017,39876671012,0
2023-12-08,A1001,437503104035,21260539291,-660050158808,201286515482,0
2023-12-11,A1001,163273493332,31597207239,-199531209375,4660508804,0
2023-12-12,A1001,593241065526,22978523674,-689245187765,73025598565,0
2023-12-13,A1001,94826375478,39379696543,-2709732722,-131496339299,0
2023-12-14,A1001,706143917907,18690717781,-1348253580367,623418944679,0
2023-12-15,A1001,305106297747,-8363535859,-1145610144314,848867382426,0
2023-12-18,A1001,-205246845623,2106270219,141193912832,61946662572,0
2023-12-19,A1001,66909132235,-6367500587,30786437898,-91328069546,0
2023-12-20,A1001,1154891192844,-32875161614,-1595223729405,473207698175,0
2023-12-21,A1001,39700792744,2829423368,-54512728029,11982511917,0
2023-12-22,A1001,238636362045,4027208927,-205925909736,-36737661236,0
2023-12-26,A1001,970166516657,3787524100,-1052182206981,78228166224,0
2023-12-27,A1001,-440070411410,9608458035,204316826854,226145126521,0
2023-12-28,A1001,660296872732,1945302068,-1357079352701,694837177901,0
2024-01-02,A1001,112165205550,4789535208,-343870377518,226915636760,0
2024-01-03,A1001,-1222478424264,1595791315,1314461036518,-93578403569,0
2024-01-04,A1001,-800059154599,15031393220,669936052754,115091708625,0
2024-01-05,A1001,-572825427647,17849570113,598805550604,-43829693070,0
2024-01-08,A1001,-437470262938,11075702427,253003263113,173391297398,0
2024-01-09,A1001,-64558686301,3930261677,-7540962126,68169386750,0
2024-01-10,A1001,-141299103243,-190513082713,353715858313,-21903672357,0
2024-01-11,A1001,-3029767531476,13356396520,718111913540,2298299221416,0
2024-01-12,A1001,-193870914795,6397836085,401723380956,-214250302246,0
2024-01-15,A1001,86828057865,8915783259,-47417861528,-48325979596,0
2024-01-16,A1001,-403792210102,534528448,582861615875,-179603934221,0
2024-01-17,A1001,-11238103470,62653916321,850890869477,-902306682328,0
2024-01-18,A1001,-18940939121,28880755988,121313653887,-131253470754,0
2024-01-19,A1001,-229395421066,-14257138859,-457867142406,701519702331,0
2024-01-22,A1001,-38795780554,-13337502284,-243169693232,295302976070,0
2024-01-23,A1001,205672111169,15562110233,-359528878687,138294657285,0
2024-01-24,A1001,-97730743825,-67161734040,92153564201,72738913664,0
2024-01-25,A1001,197165965802,4219121978,-248044298107,46659210327,0
2024-01-26,A1001,6851623453,6790321201,-391514685774,377872741120,0
2024-01-29,A1001,214902957610,-36248904784,-726325053520,547671000694,0
2024-01-30,A1001,192951091544,9411395339,-188796172903,-13566313980,0
2024-01-31,A1001,-3888069776,-1024487496,-81778777616,86691334888,0
2024-02-01,A1001,228639549443,-56751650029,-1210931240973,1039043341559,0
2024-02-02,A1001,647344242524,-82376467001,-2489627234134,1924659458611,0
2024-02-05,A1001,-724022499868,33475474480,511242942890,179304082498,0
2024-02-06,A1001,-229489180186,26873438812,-129393317604,332009058978,0
2024-02-07,A1001,626086265559,-33130598601,-1128918309992,535962643034,0
2024-02-08,A1001,305031304916,9689739168,-720215768832,405494724748,0
2024-02-13,A1001,490264070845,-34585164687,-1404472374885,948793468727,0
2024-02-14,A1001,-536223253010,18052378481,409414137574,108756736955,0
2024-02-15,A1001,-47730606262,30831039815,33099552139,-16199985692,0
2024-02-16,A1001,270579672398,12362413500,-841142039294,558199953396,0
2024-02-19,A1001,443320515350,-39734261749,-1017461606967,613875353366,0
2024-02-20,A1001,-344454448112,42782748195,193243168029,108428531888,0
2024-02-21,A1001,132277912056,33414714592,-100486894660,-65205731988,0
2024-02-22,A1001,74605598950,34080630658,-274404659876,165718430268,0
2024-02-23,A1001,-55477547986,21211987193,-115108408883,149373969676,0
2024-02-26,A1001,-85936333896,13516037500,-42307216920,114727513316,0
2024-02-27,A1001,-50684826748,-151086289322,167023390228,34747725842,0
2024-02-28,A1001,38503125927,54801097611,-570760123850,477455900312,0
2024-02-29,A1001,-513749738962,18491820528,319235333946,176022584488,0
2024-03-04,A1001,44534227547,-178911114715,-632730043244,767106930412,0
2024-03-05,A1001,-545147144953,61302159470,398327517630,85517467853,0
2024-03-06,A1001,-214058403348,53587262417,535346508903,-374875367972,0
2024-03-07,A1001,-23515318766,85870551054,263224555423,-325579787711,0
2024-03-08,A1001,697787363613,29963343799,-906542076433,178791369021,0
2024-03-11,A1001,-112459455848,37402250514,180343726784,-105286521450,0
2024-03-12,A1001,505483923122,44556825314,-178127286106,-371913462330,0
2024-03-13,A1001,-110253687387,28125093549,-251718169028,333846762866,0
2024-03-14,A1001,186478065769,180164166004,-838890702063,472248470290,0
2024-03-15,A1001,-60970947751,73976076261,1019313300005,-1032318428515,0
2024-03-18,A1001,225409959377,45782197371,-186491942889,-84700213859,0
2024-03-19,A1001,-701297446920,17454515683,922636363349,-238793432112,0
2024-03-20,A1001,586619789090,-32816220782,-1405421398643,851617830335,0
2024-03-21,A1001,1050626755705,-6902377309,-2914370470156,1870646091760,0
2024-03-22,A1001,-162991770212,28032908884,-530962597999,665921459327,0
2024-03-25,A1001,-290780764399,3034353484,330583694030,-42837283115,0
2024-03-26,A1001,482157224972,-16885304156,-1086065881025,620793960209,0
2024-03-27,A1001,144832473660,-83044461645,-353808903183,292020891168,0
2024-03-28,A1001,-244942287809,105900598723,64653974293,74387714793,0
2024-03-29,A1001,-286603572184,-8196523570,-488181307155,782981402909,0
2024-04-01,A1001,24728156407,21905126264,-314919033116,268285750445,0
2024-04-02,A1001,-348363309392,-30959841961,-627120735958,1006443887311,0
2024-04-03,A1001,-674598846463,-6480198629,677665988602,3413056490,0
2024-04-04,A1001,-14666134853,-8840101534,-564018835153,587525071540,0
2024-04-05,A1001,-470201520392,-28059915087,613622254364,-115360818885,0
2024-04-08,A1001,-112531115902,-534679030,-93335963366,206401758298,0
2024-04-09,A1001,-313183331695,24547543447,-18279171296,306914959544,0
2024-04-11,A1001,-1080260606349,-13671648509,31121208737,1062811046121,0
2024-04-12,A1001,-628447832356,20916985025,590888631730,16642215601,0
2024-04-15,A1001,-26670786908,21126477402,244281204894,-238736895388,0
2024-04-16,A1001,-236385439990,9814844696,494345426497,-267774831203,0
2024-04-17,A1001,-213859497938,18806364688,360123439092,-165070305842,0
2024-04-18,A1001,24653829001,5869110574,-604754715811,574231776236,0
2024-04-19,A1001,-667219591377,86323698059,924518037720,-343622144402,0
2024-04-22,A1001,783550352926,24240675523,-58289701400,-749501327049,0
2024-04-23,A1001,86531859901,-265705364151,203894130463,-24720626213,0
2024-04-24,A1001,362319323719,14843244796,-866210490512,489047921997,0
2024-04-25,A1001,-507126243200,-45290268148,836868237077,-284451725729,0
2024-04-26,A1001,68383583686,22702200008,-561532306772,470446523078,0
2024-04-29,A1001,330806172961,19124769004,-692179915671,342248973706,0
2024-04-30,A1001,283563451333,5012397258,-529781204264,241205355673,0
2024-05-02,A1001,-141785578589,-9960208234,145396843591,6348943232,0
2024-05-03,A1001,-6485441377,34825722578,-118157047298,89816766097,0
2024-05-07,A1001,774765274188,-41667620472,-1840380841179,1107283187463,0
2024-05-08,A1001,41134398071,-36341397503,-404373749308,399580748740,0
2024-05-09,A1001,-69130702258,9730900675,414034756954,-354634955371,0
2024-05-10,A1001,355503191394,-14987044060,-488717359353,148201212019,0
2024-05-13,A1001,16990075437,-16911812145,-17574848948,17496585656,0
2024-05-14,A1001,122643662844,-11945210870,-190807694936,80109242962,0
2024-05-16,A1001,593789205669,-54879455725,-964779168576,425869418632,0
2024-05-17,A1001,-149625651882,-328813248692,719386315032,-240947414458,0
2024-05-20,A1001,396663307831,-7834337691,-371968515201,-16860454939,0
2024-05-21,A1001,-327244512855,-67124226196,500155148331,-105786409280,0
2024-05-22,A1001,-33004053106,865282014,-264655909973,296794681065,0
2024-05-23,A1001,-371055667018,30250475590,-15925270152,356730461580,0
2024-05-24,A1001,-922091932144,-10516513327,1240624051727,-308015606256,0
2024-05-27,A1001,325928135636,-8906345349,-175991264562,-141030525725,0
2024-05-28,A1001,119562079303,-11316117441,-153566604326,45320642464,0
2024-05-29,A1001,-258165987157,7777024096,1272412768705,-1022023805644,0
2024-05-30,A1001,-447740007232,34667058283,1190684879313,-777611930364,0
2024-05-31,A1001,1065402833699,-6674642057,281198129004,-1339926320646,0
2024-06-03,A1001,233850074757,6344813312,-423020604535,182825716466,0
2024-06-04,A1001,-316037351589,3059996786,516732180593,-203754825790,0
2024-06-05,A1001,-259625396366,118497572,-330579521499,590086420293,0
2024-06-07,A1001,158196938516,26048085501,-471534150374,287289126357,0
2024-06-10,A1001,-566989066161,-7486887716,556561083059,17914870818,0
2024-06-11,A1001,-118424463015,-1752069478,343628522736,-223451990243,0
2024-06-12,A1001,9875812280,-2848046093,-242976061851,235948295664,0
2024-06-13,A1001,-105500000974,-25987405234,-1407226804827,1538714211035,0
2024-06-14,A1001,-467226655929,-48678214586,-213615185924,729520056439,0
2024-06-17,A1001,-139841286505,-35926179063,313127613014,-137360147446,0
2024-06-18,A1001,-224025144340,-84264651710,-342793093577,651082889627,0
2024-06-19,A1001,549329338465,-71921164243,-751003482345,273595308123,0
2024-06-20,A1001,165375865951,-74890553505,-584548289495,494062977049,0
2024-06-21,A1001,-27985802991,-10798735234,379108807991,-340324269766,0
2024-06-24,A1001,45731146521,15814765057,467342664201,-528888575779,0
2024-06-25,A1001,243423681516,-5170552719,-297252413252,58999284455,0
2024-06-26,A1001,-304986695243,27145583391,-155655785247,433496897099,0
2024-06-27,A1001,-771142734637,844497372,254733099658,515565137607,0
2024-06-28,A1001,240486036446,14730254868,-284726571263,29510279949,0
2024-07-01,A1001,54165331598,17631299681,-7621256353,-64175374926,0
2024-07-02,A1001,-351311743383,-11748583814,393176814863,-30116487666,0
2024-07-03,A1001,180002050997,-20526570238,-260201999254,100726518495,0
2024-07-04,A1001,1110552657028,-15824765043,-1416737837166,322009945181,0
2024-07-05,A1001,1256018879130,-49929630913,-2514725846194,1308636597977,0
2024-07-08,A1001,-347080987718,4797460455,-187503307968,529786835231,0
2024-07-09,A1001,-28547347150,-1624611342,-296869583551,327041542043,0
2024-07-10,A1001,13766148853,-261923946370,-279338051109,527495848626,0
2024-07-11,A1001,-84858375617,-177357797871,-347640978329,609857151817,0
2024-07-12,A1001,84229073724,-6103533567,472926949892,-551052490049,0
2024-07-15,A1001,125743887660,-11632526258,-36690686143,-77420675259,0
2024-07-16,A1001,96170139632,4572486737,-290346842349,189604215980,0
2024-07-17,A1001,142005413282,8575276698,103653547933,-254234237913,0
2024-07-18,A1001,13001150173,-32792995923,368863100508,-349071254758,0
2024-07-19,A1001,-363889014721,1961600199,784819877898,-422892463376,0
2024-07-22,A1001,-23790923922,-33154563895,141405528099,-84460040282,0
2024-07-23,A1001,-24556182132,-26584184229,-199031488227,250171854588,0
2024-07-24,A1001,40984241574,-10112747531,234507422587,-265378916630,0
2024-07-25,A1001,-152935749182,4778420246,826680176096,-678522847160,0
2024-07-26,A1001,398295014021,22154057733,-372977360561,-47471711193,0
2024-07-29,A1001,76782136485,-36478519035,-484670869905,444367252455,0
2024-07-30,A1001,-353859202541,-132294441776,726880926800,-240727282483,0
2024-07-31,A1001,48307392265,-21429995549,-177183934710,150306537994,0
2024-08-01,A1001,-173786742350,33145642250,-300547729742,441188829842,0
2024-08-02,A1001,-780729561870,4165338141,1621448616993,-844884393264,0
2024-08-05,A1001,-269281118374,94597470050,1694484752138,-1519801103814,0
2024-08-06,A1001,-325614797419,39932816371,453390529118,-167708548070,0
2024-08-07,A1001,-306452545212,30579731355,293363963628,-17491149771,0
2024-08-08,A1001,-282251882652,2810932173,796175363017,-516734412538,0
2024-08-09,A1001,34669431400,1230052681,-37620048786,1720564705,0
2024-08-12,A1001,146940477134,-28282068199,-196754196046,78095787111,0
2024-08-13,A1001,-63241769334,-41153508099,-27434054685,131829332118,0
2024-08-14,A1001,-114347608635,40485227982,-316247613122,390109993775,0
2024-08-16,A1001,215877724271,44475136796,-1465806847932,1205453986865,0
2024-08-19,A1001,-15549066331,-5578557553,138678018369,-117550394485,0
2024-08-20,A1001,3846213945,-13617436616,-279241194929,289012417600,0
2024-08-21,A1001,-26119456676,8508655569,-13772860551,31383661658,0
2024-08-22,A1001,42259682833,4526115897,-112932957720,66147158990,0
2024-08-23,A1001,345336259549,124878715,-103662229899,-241798908365,0
2024-08-26,A1001,399722184607,-33546408727,98637406839,-464813182719,0
2024-08-27,A1001,370080248927,40873485763,-4399762509,-406553972181,0
2024-08-28,A1001,252779701416,32009110413,54848608815,-339637420644,0
2024-08-29,A1001,-265666066274,64293470876,619156956398,-417784361000,0
2024-08-30,A1001,483079731834,12829861174,-115249738003,-380659855005,0
2024-09-02,A1001,-415083139287,18189325590,157736687859,239157125838,0
2024-09-03,A1001,-247056544378,20806143962,513365417385,-287115016969,0
2024-09-04,A1001,-730211391980,68560965877,1650229078908,-988578652805,0
2024-09-05,A1001,120383926587,4335856329,465182186414,-589901969330,0
2024-09-06,A1001,82946408561,11169696721,170806962669,-264923067951,0
2024-09-09,A1001,45031172502,25740078669,469404766804,-540176017975,0
2024-09-10,A1001,-59972126129,40298691638,685060268648,-665386834157,0
2024-09-11,A1001,42494840832,95182732537,890683588689,-1028361162058,0
2024-09-12,A1001,25515213769,-61619318370,-242422102700,278526207301,0
2024-09-13,A1001,436548652977,119433467620,403651376774,-959633497371,0
2024-09-19,A1001,879487938161,27767800056,264072532868,-1171328271085,0
2024-09-20,A1001,272835510768,4197666529,-244382937290,-32650240007,0
2024-09-23,A1001,344281218702,-13676756611,371259731461,-701864193552,0
2024-09-24,A1001,572131284766,16913786805,-210094962999,-378950108572,0
2024-09-25,A1001,549458509125,-12403555709,34771267495,-571826220911,0
2024-09-26,A1001,802355815121,-29371134649,-1263413221214,490428540742,0
2024-09-27,A1001,-431236042375,-11779011150,177610665452,265404388073,0
2024-09-30,A1001,-213500112535,24354462507,1189202174865,-1000056524837,0
2024-10-02,A1001,-705950584225,23905846072,986820691453,-304775953300,0
2024-10-04,A1001,-216841386660,106797316265,67207152348,42836918047,0
2024-10-07,A1001,85602156868,31591068447,-146227772849,29034547534,0
2024-10-08,A1001,-349792768409,28645813507,697750579923,-376603625021,0
2024-10-10,A1001,-295513377764,-12812456070,147663161495,160662672339,0
2024-10-11,A1001,277514506450,33869708299,284926485415,-596310700164,0
2024-10-14,A1001,328183460825,37567196653,-456192690431,90442032953,0
2024-10-15,A1001,11749081731,44080830827,-343638531900,287808619342,0
2024-10-16,A1001,-40039265717,43957455438,653521169121,-657439358842,0
2024-10-17,A1001,200733176226,42250839124,161464764275,-404448779625,0
2024-10-18,A1001,95039623765,23695015411,359049281592,-477783920768,0
2024-10-21,A1001,268299786991,-18597546529,-268391909854,18689669392,0
2024-10-22,A1001,-307339899033,20909128889,567207118695,-280776348551,0
2024-10-23,A1001,299046277243,3501758433,-514135885833,211587850157,0
2024-10-24,A1001,-53362209119,32190611567,625365391249,-604193793697,0
2024-10-25,A1001,76930960114,12968603451,297287764139,-387187327704,0
2024-10-28,A1001,466329623755,8456985344,-335636677033,-139149932066,0
2024-10-29,A1001,17788629516,-8637637147,109922429192,-119073421561,0
2024-10-30,A1001,41888818795,22793576152,271122618887,-335805013834,0
2024-10-31,A1001,331548012091,-30406644220,557133056330,-858274424201,0
2024-11-01,A1001,-188102839363,12992809089,212738269933,-37628239659,0
2024-11-04,A1001,341734557028,13662975371,-383820595678,28423063279,0
2024-11-05,A1001,-285679130903,40884339333,388256601844,-143461810274,0
2024-11-06,A1001,51976842753,48988199885,1744126102,-102709168740,0
2024-11-07,A1001,109774735179,20272203473,-237609718184,107562779532,0
2024-11-08,A1001,117505106488,7381328842,-111807635622,-13078799708,0
2024-11-11,A1001,-237953779478,43636908848,676431971494,-482115100864,0
2024-11-12,A1001,-31775256965,10542915453,330930757419,-309698415907,0
2024-11-13,A1001,-64236743277,41203619067,651160289777,-628127165567,0
2024-11-14,A1001,282308911722,63995895039,-114243190559,-232061616202,0
2024-11-15,A1001,-30246048235,53705770770,37885068242,-61344790777,0
2024-11-18,A1001,-17057516040,62093809359,5295971890,-50332265209,0
2024-11-19,A1001,458109590236,41353443885,-169127223730,-330335810391,0
2024-11-20,A1001,173660902999,101043928352,-91038664034,-183666167317,0
2024-11-21,A1001,296823436538,88395419702,-125256570329,-259962285911,0
2024-11-22,A1001,322612044800,94423228098,-533187240164,116151967266,0
2024-11-25,A1001,453148641951,75081020512,-451456051400,-76773611063,0
2024-11-26,A1001,-237358108453,118790760441,186167741381,-67600393369,0
2024-11-27,A1001,300428357388,67003086533,-33034757659,-334396686262,0
2024-11-28,A1001,310513252758,101122041063,79756233267,-491391527088,0
2024-11-29,A1001,50891883004,109245114742,588152993953,-748289991699,0
2024-12-02,A1001,389155225218,61009317560,-320023091335,-130141451443,0
2024-12-03,A1001,279573700365,-10327500710,-833758455862,564512256207,0
2024-12-04,A1001,16233457535,51909011517,339821650307,-407964119359,0
2024-12-05,A1001,56210085024,96570038213,163662995078,-316443118315,0
2024-12-06,A1001,825605577043,40283000001,-581630312427,-284258264617,0
2024-12-09,A1001,691610151433,94400187472,-890887866937,104877528032,0
2024-12-10,A1001,459595242775,68057112590,-420978634102,-106673721263,0
2024-12-11,A1001,176488914794,87538969595,-122733897879,-141293986510,0
2024-12-12,A1001,156307495040,118342473868,-251962013078,-22687955830,0
2024-12-13,A1001,139793998615,116896915486,-82134947562,-174555966539,0
2024-12-16,A1001,126762673,65248371559,366771552852,-432146687084,0
2024-12-17,A1001,156602372357,79927776752,464712331575,-701242480684,0
2024-12-18,A1001,133871724852,-57662982581,-468393282743,392184540472,0
2024-12-19,A1001,-509884826185,136292837219,802366475118,-428774486152,0
2024-12-20,A1001,-88317494048,117380447399,789015526644,-818078479995,0
2024-12-23,A1001,435171933953,103605443085,-683638375514,144860998476,0
2024-12-24,A1001,23902776124,89570664611,-106850051501,-6623389234,0
2024-12-26,A1001,185774794420,118596514973,-324234764530,19863455137,0
2024-12-27,A1001,-115903698813,61862303384,225610035597,-171568640168,0
2024-12-30,A1001,55731670240,95372424515,-30624008629,-120480086126,0
2025-01-02,A1001,-258874410234,83368554846,414314011982,-238808156594,0
2025-01-03,A1001,320434669266,97927783281,-698474383288,280111930741,0
2025-01-06,A1001,65352493071,105432981993,-537025903119,366240428055,0
2025-01-07,A1001,-42261436468,88465284268,-204859770038,158655922238,0
2025-01-08,A1001,109580929347,54997158186,-385477969934,220899882401,0
2025-01-09,A1001,-505599126176,84422861905,-327023196650,748199460921,0
2025-01-10,A1001,-397552126513,61003685786,338109207814,-1560767087,0
2025-01-13,A1001,25960951826,97227143359,748555677036,-871743772221,0
2025-01-14,A1001,-57985495095,53399829497,299229341936,-294643676338,0
2025-01-15,A1001,-258995317010,79756920558,123099652010,56138744442,0
2025-01-16,A1001,18979488995,-67706060484,-575708075975,624434647464,0
2025-01-17,A1001,-100657566276,47307970707,286414640170,-233065044601,0
2025-01-20,A1001,66439742491,73104002241,276664348149,-416208092881,0
2025-01-21,A1001,62040445683,57662823582,53421460208,-173124729473,0
2025-01-22,A1001,420825500684,52366222600,-823193950261,350002226977,0
2025-01-23,A1001,-203208485996,61003514341,759570967501,-617365995846,0
2025-01-24,A1001,43624234596,64230641477,-383002909677,275148033604,0
2025-01-31,A1001,285913588902,-80058835060,962045687957,-1167900441799,0
2025-02-03,A1001,-370422089516,117273281614,1122017573951,-868868766049,0
2025-02-04,A1001,123061858295,90211807036,-293175378901,79901713570,0
2025-02-05,A1001,31185815254,97212349843,-192935265838,64537100741,0
2025-02-06,A1001,161175589220,93211049811,-605983406108,351596767077,0
2025-02-07,A1001,-209862347061,118579475677,330204748922,-238921877538,0
2025-02-10,A1001,262648472716,85972958523,-69984426123,-278637005116,0
2025-02-11,A1001,243670762416,85574464171,-469399102312,140153875725,0
2025-02-12,A1001,-221735686441,47010749826,-198187313204,372912249819,0
2025-02-13,A1001,672980387114,50457809354,-609604568118,-113833628350,0
2025-02-14,A1001,366093225236,20916570403,-65221006215,-321788789424,0
2025-02-17,A1001,243084270421,13321175142,-33570169570,-222835275993,0
2025-02-18,A1001,164848051186,5012079250,-188369596315,18509465879,0
2025-02-19,A1001,776736685935,49140423855,-1218619458109,392742348319,0
2025-02-20,A1001,-107929438042,107574399624,290715744783,-290360706365,0
2025-02-21,A1001,118110536250,97172282112,2781565209,-218064383571,0
2025-02-24,A1001,-92519693045,103598130544,192900573056,-203979010555,0
2025-02-25,A1001,-94426591128,101316363713,312081322979,-318971095564,0
2025-02-26,A1001,240366228107,102515744491,-20123644445,-322758328153,0
2025-02-27,A1001,-338877670836,33269574910,480963608159,-175355512233,0
2025-02-28,A1001,-616687106773,136749364275,2032382656492,-1552444913994,0
2025-03-04,A1001,-147320808920,132584148265,204382469527,-189645808872,0
2025-03-05,A1001,47855667126,84425439529,91066500284,-223347606939,0
2025-03-06,A1001,156144652402,74951479340,-369304105752,138207974010,0
2025-03-07,A1001,27856131122,106658884521,-194120499877,59605484234,0
2025-03-10,A1001,142750024810,71778680129,209667744371,-424196449310,0
2025-03-11,A1001,-238060527473,1282378525023,492939309810,-1537257307360,0
2025-03-12,A1001,31867264214,94109061981,-504958414021,378982087826,0
2025-03-13,A1001,444773544214,109370937187,-73727742866,-480416738535,0
2025-03-14,A1001,-20501352189,102048461780,207853019949,-289400129540,0
2025-03-17,A1001,494744914949,70387207679,-1180353839193,615221716565,0
2025-03-18,A1001,95013526205,76831971937,-612601232385,440755734243,0
2025-03-19,A1001,287328491126,84383053036,-674359406045,302647861883,0
2025-03-20,A1001,66431924499,86203331115,-701303580484,548668324870,0
2025-03-21,A1001,-401954932372,92044821282,-537856613617,847766724707,0
2025-03-24,A1001,-28815092997,99237566152,-78072551149,7650077994,0
2025-03-25,A1001,69077231040,73844085534,-64208792928,-78712523646,0
2025-03-26,A1001,260278092505,69106740357,-679767099398,350382266536,0
2025-03-27,A1001,-315162549116,107868863169,119583160856,87710525091,0
2025-03-28,A1001,3124159748,96356145394,540832139068,-640312444210,0
2025-03-31,A1001,667341521839,119047570739,789060533771,-1575449626349,0
2025-04-01,A1001,180611969545,122875907152,86643959926,-390131836623,0
2025-04-02,A1001,147993900540,97030105076,479139129768,-724163135384,0
2025-04-03,A1001,461007107795,112873633165,801357568034,-1375238308994,0
2025-04-04,A1001,621083532821,88780556166,1077003876813,-1786867965800,0
2025-04-07,A1001,257110500943,166492251675,1672137875705,-2095740628323,0
2025-04-08,A1001,-89842804874,129390070747,602936971302,-642484237175,0
2025-04-09,A1001,-69828647099,131607017488,938876183274,-1000654553663,0
2025-04-10,A1001,668231509086,72297764454,-1069273712266,328744438726,0
2025-04-11,A1001,137846685916,117046731454,433927493486,-688820910856,0
2025-04-14,A1001,-6669629343,54729809322,193924281753,-241984461732,0
2025-04-15,A1001,183126814301,81343418655,-146752801669,-117717431287,0
2025-04-16,A1001,-15311474732,89570676849,383464238589,-457723440706,0
2025-04-17,A1001,368859206372,93251297388,-110217398766,-351893104994,0
2025-04-18,A1001,81561573648,45948792030,-22341226592,-105169139086,0
2025-04-21,A1001,23361905583,78901159970,186369417575,-288632483128,0
2025-04-22,A1001,10662675005,65621352899,166715363052,-242999390956,0
2025-04-23,A1001,686622730594,59598339714,-548474619474,-197746450834,0
2025-04-24,A1001,-198709373069,71340911068,135076872106,-7708410105,0
2025-04-25,A1001,507219548646,-345650985113,-774123444810,612554881277,0
2025-04-28,A1001,91552023475,43477609403,-49615248271,-85414384607,0
2025-04-29,A1001,-580412351813,46975988899,-159096949862,692533312776,0
2025-04-30,A1001,-221015660439,84275385691,305528164765,-168787890017,0
2025-05-02,A1001,322822327954,82326707678,-234941754547,-170207281085,0
2025-05-07,A1001,86944158905,28902027914,-464596166854,348749980035,0
2025-05-08,A1001,-189768748055,60748115554,-1272039154,130292671655,0
2025-05-09,A1001,-187285680725,56560904314,63193736999,67531039412,0
2025-05-12,A1001,342908323654,54905110191,-390677339862,-7136093983,0
2025-05-13,A1001,-89286152649,53838186475,-135989591209,171437557383,0
2025-05-14,A1001,534775999876,-2734517533,-1002421637348,470380155005,0
2025-05-15,A1001,-368057587851,49749728131,45998914240,272308945480,0
2025-05-16,A1001,113357862684,-484690614,-282294932328,169421760258,0
2025-05-19,A1001,-194768285181,9524947577,298602351170,-113359013566,0
2025-05-20,A1001,61003199298,32921910879,20553770476,-114478880653,0
2025-05-21,A1001,104568454511,34953251275,-331546163923,192024458137,0
2025-05-22,A1001,-431916913475,-29204879672,684835074401,-223713281254,0
2025-05-23,A1001,-102642931357,26412328964,134726625712,-58496023319,0
2025-05-26,A1001,432290131169,-18015807288,-515793878896,101519555015,0
2025-05-27,A1001,-20103128153,44578598364,53674718853,-78150189064,0
2025-05-28,A1001,743757365323,-52931053550,-990695885958,299869574185,0
2025-05-29,A1001,684162754643,22426358257,-996293425563,289704312663,0
2025-05-30,A1001,-15985412248,17944925704,605082973403,-607042486859,0
2025-06-02,A1001,-241471165549,18280831924,98174472629,125015860996,0
2025-06-04,A1001,204638343689,-29398600729,-1225950250573,1050710507613,0
2025-06-05,A1001,220668701678,-11537389900,-1189190568565,980059256787,0
2025-06-09,A1001,-733175769677,-13439268075,-230060856896,976675894648,0
2025-06-10,A1001,14187118504,-19572071409,-626911817020,632296769925,0
2025-06-11,A1001,230383318505,-30188158354,-366279677043,166084516892,0
2025-06-12,A1001,-230429635470,2515887014,-179372349893,407286098349,0
2025-06-13,A1001,-646063384807,57654834475,467376637111,121031913221,0
2025-06-16,A1001,252399853157,23664378776,46336398678,-322400630611,0
2025-06-17,A1001,-100625902406,-28632923691,224516760159,-95257934062,0
2025-06-18,A1001,110118710491,34655888550,-431823111183,287048512142,0
2025-06-19,A1001,-301775558158,34367173153,349996172424,-82587787419,0
2025-06-20,A1001,37228244464,-3192404075,-596587665389,562551825000,0
2025-06-23,A1001,-948506269171,-64473399692,1379737330900,-366757662037,0
2025-06-24,A1001,259382348233,-130078820018,-567559328482,438255800267,0
2025-06-25,A1001,-588335023653,-58884450778,757991128985,-110771654554,0
2025-06-26,A1001,-408021845323,154891238191,832543762503,-579413155371,0
2025-06-27,A1001,343356203643,27799853705,486804505568,-857960562916,0
2025-06-30,A1001,475723585607,-15976515409,189201924744,-648948994942,0
2025-07-01,A1001,474495645350,-9968642722,-640517494119,175990491491,0
2025-07-02,A1001,72030633422,22854678422,232887314089,-327772625933,0
2025-07-03,A1001,548390638149,41918042344,-1232988586443,642679905950,0
2025-07-04,A1001,-382244217520,-37608049753,257471765773,162380501500,0
2025-07-07,A1001,-81051538440,18881649840,155829824927,-93659936327,0
2025-07-08,A1001,-32643905578,41424282566,-254918918473,246138541485,0
2025-07-09,A1001,-57076587509,36636173455,430965199985,-410524785931,0
2025-07-10,A1001,44673595933,72808901912,-586852576435,469370078590,0
2025-07-11,A1001,-74288684251,-376626424249,124981960702,325933147798,0
2025-07-14,A1001,-94654288927,80839924158,-356839722153,370654086922,0
2025-07-15,A1001,-16706567128,114618984395,-310246142835,212333725568,0
2025-07-16,A1001,-552521477568,95391606819,401643624426,55486246323,0
2025-07-17,A1001,158285735249,127932461306,-335552703118,49334506563,0
2025-07-18,A1001,32046643462,121183761922,-341074144655,187843739271,0
2025-07-21,A1001,99433590864,64880645951,-1057841096072,893526859257,0
2025-07-22,A1001,-412749950778,63480366583,478049258195,-128779674000,0
2025-07-23,A1001,191741847080,83618556775,-698161202640,422800798785,0
2025-07-24,A1001,127317870685,85323145723,-951263341691,738622325283,0
2025-07-25,A1001,110011400619,80992850993,-461583546988,270579295376,0
2025-07-28,A1001,452025095461,70213237757,-997518346048,475280012830,0
2025-07-29,A1001,116667598449,103828887981,-825891434822,605394948392,0
2025-07-30,A1001,330708145089,75377176318,-984432056175,578346734768,0
2025-07-31,A1001,-705251647747,136770705361,223517816286,344963126100,0
2025-08-01,A1001,-1071973959139,96099135588,1628294453278,-652419629727,0
2025-08-04,A1001,131617717591,85005123045,-299575204687,82952364051,0
2025-08-05,A1001,94670099779,91893298805,-478457590780,291894192196,0
2025-08-06,A1001,-402029246448,74251395294,47394406643,280383444511,0
2025-08-07,A1001,109241961820,112715436340,-204829354872,-17128043288,0
2025-08-08,A1001,-131813631998,105915148647,183521736525,-157623253174,0
2025-08-11,A1001,-216007804596,139873814638,-140726036469,216860026427,0
2025-08-12,A1001,-98063778575,95014894412,63445355515,-60396471352,0
2025-08-13,A1001,-80912489856,110760996587,-664773774786,634925268055,0
2025-08-14,A1001,19668852655,111643389146,-53374019376,-77938222425,0
2025-08-18,A1001,81264715972,49862639317,356968505072,-488095860361,0
2025-08-19,A1001,253889827734,110105927007,90396487472,-454392242213,0
2025-08-20,A1001,502399149040,108973695155,-392911883978,-218460960217,0
2025-08-21,A1001,159825369627,114521571251,-259127569716,-15219371162,0
2025-08-22,A1001,155607020292,119002694643,-457174919453,182565204518,0
2025-08-25,A1001,154344027863,108925003539,-385715710412,122446679010,0
2025-08-26,A1001,-265713038035,97416358800,851938193741,-683641514506,0
2025-08-27,A1001,27685143548,117675627190,56898386694,-202259157432,0
2025-08-28,A1001,326383974869,91573216521,-393854896770,-24102294620,0
2025-08-29,A1001,64789068871,72269618500,235313020436,-372371707807,0
2025-09-01,A1001,-194015528758,119081261225,346926276127,-271992008594,0
2025-09-02,A1001,-141647061950,88013196197,-347355381159,400989246912,0
2025-09-03,A1001,-375605702502,96001770492,-156343707045,435947639055,0
2025-09-04,A1001,-23218341817,105454665248,-284749283667,202512960236,0
2025-09-05,A1001,112418902273,80236823025,-55219557960,-137436167338,0
2025-09-08,A1001,77834051975,76943370393,-384846287743,230068865375,0
2025-09-09,A1001,280615000953,75648499448,-1037072124917,680808624516,0
2025-09-10,A1001,904642820662,-22968311319,-2263412257864,1381737748521,0
2025-09-11,A1001,822538944315,26721795901,-1149255055498,299994315282,0
2025-09-12,A1001,611858092630,-18634498127,-2028716674860,1435493080357,0
2025-09-15,A1001,-137631875449,8285100456,-137373876674,266720651667,0
2025-09-16,A1001,108292237478,-137326842580,-1763694208025,1792728813127,0
2025-09-17,A1001,-307531277786,90109909903,252158813817,-34737445934,0
2025-09-18,A1001,429405364402,67056562048,-781575710433,285113783983,0
2025-09-19,A1001,-335726472774,110537170217,533232416562,-308043114005,0
2025-09-22,A1001,267154835816,-64243799127,-768202556164,565291519475,0
2025-09-23,A1001,-136325868569,41169948854,-246208736001,341364655716,0
2025-09-24,A1001,212404698232,34537864287,1703608564,-248646171083,0
2025-09-25,A1001,270684199746,50765286744,-541056676748,219607190258,0
2025-09-26,A1001,-489151538005,-39839572428,1099714578308,-570723467875,0
2025-09-29,A1001,301427855442,-608077562,-747978242746,447158464866,0
2025-09-30,A1001,-49701444650,53149803159,-26459201148,23010842639,0
2025-10-01,A1001,220785734133,14950927902,-1081215968692,845479306657,0
2025-10-02,A1001,-67494864641,12500995420,-3071501688403,3126495557624,0
2025-10-10,A1001,-593625744034,36675788734,-502205481964,1059155437264,0
2025-10-13,A1001,-447053529181,104211931945,1164887446708,-822045849472,0
2025-10-14,A1001,-629949724197,69806770407,2032610895,558110342895,0
2025-10-15,A1001,751244684647,56263262713,-970634907511,163126960151,0
2025-10-16,A1001,781334358462,-41043501524,-1393575835595,653284978657,0
2025-10-17,A1001,-168824894252,37266473745,-312231103199,443789523706,0
2025-10-20,A1001,642782201892,18055299184,-410871483240,-249966017836,0
2025-10-21,A1001,211597377289,-43592751167,-155647822487,-12356803635,0
2025-10-22,A1001,763258177231,16958495042,-76940439605,-703276232668,0
2025-10-23,A1001,-397163655872,53838576121,750469443686,-407144363935,0
2025-10-24,A1001,1405424779261,19473494327,-2000473430059,575575156471,0
2025-10-27,A1001,234313115221,-84538415795,-796853163819,647078464393,0
2025-10-28,A1001,92515404843,-27420212545,1572810962804,-1637906155102,0
2025-10-29,A1001,519641066853,-54686394947,-358345186284,-106609485622,0
2025-10-30,A1001,-837908856533,18853173277,936318780063,-117263096807,0
2025-10-31,A1001,-1106353204612,-13052237983,-201763499630,1321168942225,0
2025-11-03,A1001,184063777621,-14730421316,625562748965,-794896105270,0
2025-11-04,A1001,-498871597317,26198499742,2700876159952,-2228203062377,0
2025-11-05,A1001,-187678526688,-296599163961,2553806449366,-2069528758717,0
2025-11-06,A1001,830106353177,-19057218712,883953376104,-1695002510569,0
2025-11-07,A1001,-244601749401,20554900457,679058071186,-455011222242,0
2025-11-10,A1001,1306560118446,5165705210,-1160702124044,-151023699612,0
2025-11-11,A1001,224740119047,-18699687896,-283050576825,77010145674,0
2025-11-12,A1001,909304152453,-40463759880,-442326009195,-426514383378,0
2025-11-13,A1001,-717863772288,-46821326088,-234260918734,998946017110,0
2025-11-14,A1001,-900518750937,23449535261,3234612905719,-2357543690043,0
2025-11-17,A1001,-24507260579,5633191979,-499983170608,518857239208,0
2025-11-18,A1001,-678836202084,-9369896759,1238200968592,-549994869749,0
2025-11-19,A1001,625601627343,-21110630251,445030681609,-1049521678701,0
2025-11-20,A1001,756611433034,-115454476242,-1381721757538,740564800746,0
2025-11-21,A1001,493544884258,59853626345,2269504229455,-2822902740058,0
2025-11-24,A1001,1271869709365,-10678755750,-461934107492,-799256846123,0
2025-11-25,A1001,31536418040,-8899606294,-27561501598,4924689852,0
2025-11-26,A1001,1227984194567,61076200394,-1804817491682,515757096721,0
2025-11-27,A1001,432571516218,28074608130,-615208082321,154561957973,0
2025-11-28,A1001,458703640136,9715559575,1568455037497,-2036874237208,0
2025-12-01,A1001,-233264531773,-43080526602,52849970827,223495087548,0
2025-12-02,A1001,392876412814,-31313228283,-1576257057999,1214693873468,0
2025-12-03,A1001,736412064273,-119618653656,-898436662744,281643252127,0
2025-12-04,A1001,131833095944,5643601983,558537402416,-696014100343,0
2025-12-05,A1001,1152794416606,-30522483120,-2115649355095,993377421609,0
2025-12-08,A1001,-30750010068,54569758802,-344917673748,321097925014,0
2025-12-09,A1001,49406756729,52840606775,-13316222951,-88931140553,0
2025-12-10,A1001,-300289133306,15291825228,-88919227288,373916535366,0
2025-12-11,A1001,-775302720113,17423396301,392249780953,365629542859,0
2025-12-12,A1001,1418401432314,2652604095,-1462492883754,41438847345,0
2025-12-15,A1001,-480294289107,16109663963,1421049362377,-956864737233,0
2025-12-16,A1001,-230896622481,20386394483,1241020412992,-1030510184994,0
2025-12-17,A1001,335296130468,34318139676,-337416851824,-32197418320,0
2025-12-18,A1001,-100576420243,33563152458,412953927143,-345940659358,0
2025-12-19,A1001,854092561775,44410503884,-141250142331,-757252923328,0
2025-12-22,A1001,1605470286997,-35730441781,-2671442151621,1101702306405,0
2025-12-23,A1001,352698589372,-22504780596,-1285301049289,955107240513,0
2025-12-24,A1001,203889109402,-9316482811,-717073555017,522500928426,0
2025-12-26,A1001,443547202137,103872321863,-2326467768137,1779048244137,0
2025-12-29,A1001,-313274790525,-86495458770,66112377803,333657871492,0
2025-12-30,A1001,-376313975016,8333033112,844810840951,-476829899047,0
