date,foreign_net_contracts,foreign_net_amount
2010-01-04,-2032,-2270
2010-01-05,388,434
2010-01-06,3320,3738
2010-01-07,-1767,-1982
2010-01-08,-965,-1047
2010-01-11,2185,2440
2010-01-12,-3091,-3430
2010-01-13,-4155,-4575
2010-01-14,6799,7532
2010-01-15,266,284
2010-01-18,29,67
2010-01-19,-2073,-2343
2010-01-20,-105,-115
2010-01-21,5240,5889
2010-01-22,-20737,-22965
2010-01-25,4690,5143
2010-01-26,573,588
2010-01-27,-972,-1081
2010-01-28,565,602
2010-01-29,962,975
2010-02-01,599,608
2010-02-02,3095,3227
2010-02-03,-199,-215
2010-02-04,-987,-1055
2010-02-05,3691,3794
2010-02-08,903,914
2010-02-09,-737,-731
2010-02-10,-2043,-2098
2010-02-11,-1318,-1363
2010-02-12,-5242,-5450
2010-02-16,4871,5104
2010-02-17,3783,4026
2010-02-18,-1163,-1239
2010-02-19,-3044,-3176
2010-02-22,2301,2458
2010-02-23,-1205,-1292
2010-02-24,-2888,-3036
2010-02-25,-3897,-4075
2010-02-26,4614,4795
2010-03-02,5776,6114
2010-03-03,-1699,-1801
2010-03-04,521,557
2010-03-05,2098,2238
2010-03-08,-1693,-1853
2010-03-09,1793,1945
2010-03-10,1053,1136
2010-03-11,922,981
2010-03-12,506,551
2010-03-15,-4934,-5322
2010-03-16,-582,-633
2010-03-17,3883,4224
2010-03-18,-2233,-2470
2010-03-19,1827,2012
2010-03-22,-6293,-6870
2010-03-23,1560,1722
2010-03-24,-126,-141
2010-03-25,-1202,-1333
2010-03-26,954,1068
2010-03-29,-1414,-1572
2010-03-30,-896,-1002
2010-03-31,2791,3113
2010-04-01,5015,5613
2010-04-02,-13,-11
2010-04-05,-1386,-1571
2010-04-06,-298,-340
2010-04-07,313,356
2010-04-08,730,837
2010-04-09,-6589,-7438
2010-04-12,-540,-596
2010-04-13,3413,3851
2010-04-14,4877,5556
2010-04-15,-4427,-5073
2010-04-16,-3669,-4159
2010-04-19,-2509,-2807
2010-04-20,1580,1783
2010-04-21,5135,5870
2010-04-22,-2933,-3328
2010-04-23,-3566,-4071
2010-04-26,2805,3231
2010-04-27,894,1023
2010-04-28,-8031,-9064
2010-04-29,-893,-1016
2010-04-30,5860,6699
2010-05-03,-3750,-4261
2010-05-04,-1779,-1986
2010-05-06,-1042,-1147
2010-05-07,7286,7784
2010-05-10,-833,-885
2010-05-11,-1129,-1230
2010-05-12,673,736
2010-05-13,3871,4268
2010-05-14,-3233,-3549
2010-05-17,1767,1887
2010-05-18,-610,-655
2010-05-19,-5509,-5793
2010-05-20,3414,3516
2010-05-24,4166,4340
2010-05-25,-3868,-3924
2010-05-26,-708,-727
2010-05-27,2762,2862
2010-05-28,-2778,-2927
2010-05-31,-3584,-3816
2010-06-01,2054,2184
2010-06-03,2661,2885
2010-06-04,-1655,-1814
2010-06-07,2862,3054
2010-06-08,-2588,-2798
2010-06-09,1786,1907
2010-06-10,2653,2881
2010-06-11,2967,3250
2010-06-14,-1125,-1254
2010-06-15,1103,1227
2010-06-16,711,802
2010-06-17,1877,2105
2010-06-18,311,346
2010-06-21,1393,1601
2010-06-22,2065,2343
2010-06-23,-1511,-1709
2010-06-24,3806,4283
2010-06-25,-2050,-2304
2010-06-28,3478,3938
2010-06-29,-746,-860
2010-06-30,319,364
2010-07-01,-3657,-3963
2010-07-02,-2447,-2713
2010-07-05,-791,-869
2010-07-06,-2228,-2453
2010-07-07,-3118,-3406
2010-07-08,5930,6545
2010-07-09,660,740
2010-07-12,-2851,-3223
2010-07-13,1155,1314
2010-07-14,1409,1630
2010-07-15,-1053,-1217
2010-07-16,-948,-1084
2010-07-19,-160,-164
2010-07-20,-1938,-2186
2010-07-21,-499,-578
2010-07-22,782,874
2010-07-23,5151,5902
2010-07-26,-595,-683
2010-07-27,1340,1552
2010-07-28,732,849
2010-07-29,652,752
2010-07-30,-1931,-2243
2010-08-02,4144,4811
2010-08-03,-1691,-1978
2010-08-04,-1867,-2176
2010-08-05,-1205,-1403
2010-08-06,-857,-998
2010-08-09,3342,3896
2010-08-10,-2188,-2550
2010-08-11,-10063,-11628
2010-08-12,1525,1698
2010-08-13,-1084,-1213
2010-08-16,919,1043
2010-08-17,5715,6467
2010-08-18,-2727,-3117
2010-08-19,6361,7335
2010-08-20,522,601
2010-08-23,-3222,-3765
2010-08-24,-1085,-1230
2010-08-25,-2454,-2796
2010-08-26,-2066,-2345
2010-08-27,-2485,-2800
2010-08-30,7783,8913
2010-08-31,-6294,-7155
2010-09-01,7329,8397
2010-09-02,-245,-283
2010-09-03,801,922
2010-09-06,2512,2921
2010-09-07,1015,1173
2010-09-08,-152,-171
2010-09-09,5062,5856
2010-09-10,3601,4258
2010-09-13,-491,-589
2010-09-14,20,23
2010-09-15,689,823
2010-09-16,-1134,-1346
2010-09-17,-2636,-3146
2010-09-20,1331,1600
2010-09-24,647,777
2010-09-27,2688,3253
2010-09-28,23,27
2010-09-29,2198,2672
2010-09-30,-874,-1064
2010-10-01,1832,2242
2010-10-04,-4679,-5746
2010-10-05,75,93
2010-10-06,-605,-757
2010-10-07,-4537,-5635
2010-10-08,-3613,-4473
2010-10-11,1762,2165
2010-10-12,-4441,-5428
2010-10-13,1449,1777
2010-10-14,272,341
2010-10-15,132,163
2010-10-18,-10390,-12787
2010-10-19,-6142,-7451
2010-10-20,1133,1397
2010-10-21,-1121,-1331
2010-10-22,7314,8989
2010-10-25,-202,-240
2010-10-26,-732,-912
2010-10-27,-1566,-1958
2010-10-28,666,817
2010-10-29,-7535,-9215
2010-11-01,9889,12172
2010-11-02,3160,3905
2010-11-03,5623,7059
2010-11-04,1894,2376
2010-11-05,-1091,-1408
2010-11-08,-1435,-1823
2010-11-09,-2262,-2866
2010-11-10,893,1148
2010-11-11,-2715,-3483
2010-11-12,-3306,-4113
2010-11-15,-4883,-6115
2010-11-16,-6355,-7885
2010-11-17,-51,-40
2010-11-18,3767,4740
2010-11-19,1532,1938
2010-11-22,-1905,-2428
2010-11-23,-4453,-5626
2010-11-24,5723,7193
2010-11-25,-1070,-1348
2010-11-26,-3564,-4441
2010-11-29,-1726,-2144
2010-11-30,8785,11018
2010-12-01,-195,-212
2010-12-02,1004,1293
2010-12-03,3093,3991
2010-12-06,-1876,-2399
2010-12-07,1215,1586
2010-12-08,-6193,-7990
2010-12-09,5717,7407
2010-12-10,983,1275
2010-12-13,-604,-794
2010-12-14,-3826,-5029
2010-12-15,-2317,-3053
2010-12-16,-483,-635
2010-12-17,2397,3184
2010-12-20,-1275,-1665
2010-12-21,-37,-36
2010-12-22,642,859
2010-12-23,-1843,-2476
2010-12-24,-1137,-1525
2010-12-27,1875,2505
2010-12-28,5497,7411
2010-12-29,3041,4125
2010-12-30,-3167,-4312
2011-01-03,-5551,-7628
2011-01-04,-2715,-3747
2011-01-05,1243,1716
2011-01-06,-5954,-8236
2011-01-07,4811,6641
2011-01-10,-991,-1361
2011-01-11,834,1153
2011-01-12,-1388,-1918
2011-01-13,-7327,-10259
2011-01-14,7929,10993
2011-01-17,-3048,-4248
2011-01-18,-2781,-3865
2011-01-19,7484,10428
2011-01-20,-2284,-3184
2011-01-21,-10914,-15033
2011-01-24,7553,10335
2011-01-25,5837,8103
2011-01-26,6641,9248
2011-01-27,-2563,-3588
2011-01-28,77,127
2011-01-31,-5782,-7914
2011-02-01,-1495,-2053
2011-02-07,-4966,-6863
2011-02-08,-2075,-2851
2011-02-09,-4443,-6029
2011-02-10,-4947,-6614
2011-02-11,2384,3150
2011-02-14,4523,5972
2011-02-15,-2556,-3410
2011-02-16,1928,2573
2011-02-17,1880,2444
2011-02-18,2304,3036
2011-02-21,-7163,-9458
2011-02-22,-906,-1188
2011-02-23,4459,5780
2011-02-24,1653,2126
2011-02-25,-3429,-4463
2011-02-28,-7,-23
2011-03-02,1209,1507
2011-03-03,287,374
2011-03-04,5323,7002
2011-03-07,-7818,-10309
2011-03-08,6733,8868
2011-03-09,-423,-586
2011-03-10,-10331,-13512
2011-03-11,-6086,-7848
2011-03-14,9835,12731
2011-03-15,-5173,-6568
2011-03-16,7309,9500
2011-03-17,-4512,-5824
2011-03-18,1842,2437
2011-03-21,679,895
2011-03-22,4126,5501
2011-03-23,-2035,-2712
2011-03-24,4593,6181
2011-03-25,6693,9136
2011-03-28,359,483
2011-03-29,-1086,-1495
2011-03-30,1647,2271
2011-03-31,-186,-278
2011-04-01,-3388,-4765
2011-04-04,-959,-1341
2011-04-05,837,1167
2011-04-06,-5521,-7840
2011-04-07,-2754,-3889
2011-04-08,-1241,-1739
2011-04-11,2576,3638
2011-04-12,-3069,-4280
2011-04-13,2266,3204
2011-04-14,-6822,-9574
2011-04-15,774,1092
2011-04-18,-2573,-3632
2011-04-19,3727,5259
2011-04-20,11854,16960
2011-04-21,-2131,-3126
2011-04-22,-3451,-5047
2011-04-25,-497,-727
2011-04-26,3075,4498
2011-04-27,-1373,-2017
2011-04-28,3580,5269
2011-04-29,1595,2327
2011-05-02,3567,5247
2011-05-03,-5020,-7351
2011-05-04,-3888,-5626
2011-05-06,-5866,-8364
2011-05-09,-5671,-8073
2011-05-11,2553,3638
2011-05-12,-5361,-7565
2011-05-13,3537,4926
2011-05-16,-1478,-2057
2011-05-17,-7410,-10251
2011-05-18,6561,9195
2011-05-19,-1774,-2528
2011-05-20,1908,2633
2011-05-23,-5827,-7994
2011-05-24,1120,1512
2011-05-25,1115,1443
2011-05-26,238,336
2011-05-27,1572,2193
2011-05-30,-805,-1118
2011-05-31,10346,14504
2011-06-01,-1140,-1604
2011-06-02,-1856,-2587
2011-06-03,1824,2528
2011-06-07,-4423,-6168
2011-06-08,-4423,-6206
2011-06-09,1376,1846
2011-06-10,-1199,-1654
2011-06-13,6139,8273
2011-06-14,1381,1852
2011-06-15,-1988,-2730
2011-06-16,-5637,-7659
2011-06-17,2676,3594
2011-06-20,1949,2605
2011-06-21,-902,-1223
2011-06-22,3106,4219
2011-06-23,-3140,-4248
2011-06-24,2169,2958
2011-06-27,-8793,-11977
2011-06-28,2955,4070
2011-06-29,984,1355
2011-06-30,1282,1776
2011-07-01,3190,4470
2011-07-04,3602,5102
2011-07-05,5592,7948
2011-07-06,-2794,-4002
2011-07-07,887,1261
2011-07-08,671,959
2011-07-11,-890,-1265
2011-07-12,-7689,-10752
2011-07-13,-1379,-1935
2011-07-14,-3533,-4895
2011-07-15,-623,-876
2011-07-18,-4838,-6712
2011-07-19,2138,2964
2011-07-20,7152,10088
2011-07-21,-4106,-5763
2011-07-22,3894,5517
2011-07-25,-5266,-7385
2011-07-26,1292,1830
2011-07-27,3697,5250
2011-07-28,-3697,-5198
2011-07-29,-6278,-8773
2011-08-01,9806,13882
2011-08-02,-7099,-9913
2011-08-03,-5409,-7248
2011-08-04,2573,3405
2011-08-05,7541,9497
2011-08-08,6898,8272
2011-08-09,-1673,-1977
2011-08-10,3867,4498
2011-08-11,-11176,-12904
2011-08-12,5619,6552
2011-08-16,-293,-362
2011-08-17,-1051,-1256
2011-08-18,2348,2694
2011-08-19,5088,5732
2011-08-22,5101,5647
2011-08-23,-4614,-5232
2011-08-24,125,99
2011-08-25,2365,2686
2011-08-26,994,1129
2011-08-29,725,818
2011-08-30,552,639
2011-08-31,858,1023
2011-09-01,169,188
2011-09-02,-2162,-2634
2011-09-05,875,938
2011-09-06,-815,-996
2011-09-07,-1118,-1378
2011-09-08,-814,-1014
2011-09-09,-1016,-1224
2011-09-14,2725,3084
2011-09-15,1783,2038
2011-09-16,3185,3764
2011-09-19,5417,6396
2011-09-20,-2624,-3138
2011-09-21,338,416
2011-09-22,-5769,-6730
2011-09-23,-10008,-11146
2011-09-26,7321,7948
2011-09-27,1360,1508
2011-09-28,-3624,-4156
2011-09-29,-3722,-4195
2011-09-30,-1250,-1448
2011-10-04,-1640,-1806
2011-10-05,2437,2648
2011-10-06,2795,3149
2011-10-07,462,516
2011-10-10,-2782,-3238
2011-10-11,4717,5550
2011-10-12,600,714
2011-10-13,-2264,-2713
2011-10-14,43,42
2011-10-17,-1204,-1456
2011-10-18,-1662,-2007
2011-10-19,-361,-461
2011-10-20,1722,1947
2011-10-21,-998,-1195
2011-10-24,4153,5054
2011-10-25,640,785
2011-10-26,-2379,-2957
2011-10-27,414,532
2011-10-28,6694,8555
2011-10-31,1125,1419
2011-11-01,-2074,-2610
2011-11-02,-1753,-2159
2011-11-03,-3340,-4120
2011-11-04,4355,5478
2011-11-07,-4984,-6297
2011-11-08,1099,1377
2011-11-09,1574,1999
2011-11-10,-7941,-9562
2011-11-11,-2305,-2713
2011-11-14,6640,8237
2011-11-15,1922,2361
2011-11-16,-5388,-6654
2011-11-17,933,1115
2011-11-18,-6838,-8177
2011-11-21,98,106
2011-11-22,1518,1785
2011-11-23,-2973,-3464
2011-11-24,-569,-680
2011-11-25,-1756,-2035
2011-11-28,2104,2461
2011-11-29,10718,12794
2011-11-30,3135,3770
2011-12-01,6845,8626
2011-12-02,2178,2735
2011-12-05,1616,2029
2011-12-06,2801,3515
2011-12-07,659,841
2011-12-08,2853,3562
2011-12-09,-3727,-4554
2011-12-12,748,920
2011-12-13,-6732,-8208
2011-12-14,-375,-458
2011-12-15,-5063,-5998
2011-12-16,873,1020
2011-12-19,-2334,-2800
2011-12-20,869,1007
2011-12-21,980,1179
2011-12-22,13,12
2011-12-23,3306,4022
2011-12-26,-3626,-4390
2011-12-27,2089,2536
2011-12-28,-310,-374
2011-12-29,-366,-432
2012-01-02,1047,1251
2012-01-03,10772,13195
2012-01-04,-3364,-4151
2012-01-05,1725,2115
2012-01-06,-7854,-9504
2012-01-09,-4248,-5052
2012-01-10,9053,10992
2012-01-11,-622,-753
2012-01-12,873,1060
2012-01-13,2324,2860
2012-01-16,-6606,-8012
2012-01-17,6153,7629
2012-01-18,-2937,-3652
2012-01-19,9300,11719
2012-01-20,3778,4823
2012-01-25,-537,-710
2012-01-26,1703,2204
2012-01-27,-1033,-1344
2012-01-30,203,269
2012-01-31,-2181,-2834
2012-02-01,-716,-940
2012-02-02,-1078,-1414
2012-02-03,-2065,-2686
2012-02-06,-2147,-2809
2012-02-07,64,74
2012-02-08,899,1181
2012-02-09,-3087,-4006
2012-02-10,-3624,-4765
2012-02-13,1800,2371
2012-02-14,-2929,-3852
2012-02-15,1426,1896
2012-02-16,-686,-909
2012-02-17,3051,4084
2012-02-20,-4173,-5622
2012-02-21,1308,1761
2012-02-22,-522,-710
2012-02-23,-638,-847
2012-02-24,1633,2158
2012-02-27,-3992,-5268
2012-02-28,6430,8459
2012-02-29,-71,-100
2012-03-02,406,538
2012-03-05,-5390,-7165
2012-03-06,-3351,-4372
2012-03-07,-2545,-3351
2012-03-08,941,1181
2012-03-09,-1335,-1780
2012-03-12,225,300
2012-03-13,5347,7187
2012-03-14,-326,-454
2012-03-15,-303,-415
2012-03-16,-1073,-1458
2012-03-19,1354,1842
2012-03-20,-1815,-2468
2012-03-21,-1411,-1903
2012-03-22,-908,-1229
2012-03-23,-924,-1251
2012-03-26,-855,-1143
2012-03-27,2372,3225
2012-03-28,289,394
2012-03-29,-3155,-4242
2012-03-30,-4430,-5944
2012-04-02,3850,5198
2012-04-03,10772,14723
2012-04-04,-2725,-3697
2012-04-05,-4420,-5949
2012-04-06,-2719,-3695
2012-04-09,-3770,-5038
2012-04-10,2532,3394
2012-04-12,-7039,-9287
2012-04-13,5324,7125
2012-04-16,-1534,-2031
2012-04-17,-1742,-2311
2012-04-18,-56,-77
2012-04-19,-1564,-2081
2012-04-20,-6237,-8210
2012-04-23,4203,5518
2012-04-24,-6304,-8252
2012-04-25,417,537
2012-04-26,2632,3450
2012-04-27,2091,2762
2012-04-30,-1870,-2482
2012-05-02,2627,3503
2012-05-03,3341,4451
2012-05-04,-3864,-5120
2012-05-07,-776,-1005
2012-05-08,4964,6487
2012-05-09,-3615,-4696
2012-05-10,-7367,-9502
2012-05-11,-2114,-2715
2012-05-14,2967,3757
2012-05-15,-1357,-1705
2012-05-16,65,19
2012-05-17,745,901
2012-05-18,3384,3985
2012-05-21,-1391,-1665
2012-05-22,-887,-1074
2012-05-23,1309,1555
2012-05-24,-1535,-1857
2012-05-25,1105,1321
2012-05-29,2159,2619
2012-05-30,-2031,-2473
2012-05-31,1133,1338
2012-06-01,1256,1503
2012-06-04,8427,9950
2012-06-05,583,693
2012-06-07,3054,3725
2012-06-08,-133,-180
2012-06-11,-2871,-3569
2012-06-12,-713,-939
2012-06-13,2581,3139
2012-06-14,331,370
2012-06-15,1497,1864
2012-06-18,648,829
2012-06-19,576,726
2012-06-20,-2495,-3181
2012-06-21,-319,-410
2012-06-22,-16704,-20646
2012-06-25,-2981,-3594
2012-06-26,-1082,-1302
2012-06-27,478,568
2012-06-28,-26,-34
2012-06-29,1088,1274
2012-07-02,531,647
2012-07-03,611,752
2012-07-04,-358,-445
2012-07-05,1366,1692
2012-07-06,-1475,-1817
2012-07-09,2195,2664
2012-07-10,-2672,-3241
2012-07-11,-3803,-4584
2012-07-12,-4490,-5394
2012-07-13,870,1020
2012-07-16,485,569
2012-07-17,-480,-604
2012-07-18,890,1014
2012-07-19,2048,2472
2012-07-20,-1020,-1228
2012-07-23,1213,1417
2012-07-24,-1557,-1848
2012-07-25,1241,1434
2012-07-26,-2910,-3423
2012-07-27,4572,5516
2012-07-30,310,377
2012-07-31,7843,9763
2012-08-01,4125,5134
2012-08-02,-157,-206
2012-08-03,-665,-821
2012-08-06,-120,-147
2012-08-07,1317,1651
2012-08-08,9767,12432
2012-08-09,4783,6157
2012-08-10,-1783,-2312
2012-08-13,-1801,-2338
2012-08-14,-536,-717
2012-08-16,-517,-677
2012-08-17,-1923,-2507
2012-08-20,2711,3505
2012-08-21,-1499,-1958
2012-08-22,-1303,-1670
2012-08-23,1734,2219
2012-08-24,-3671,-4684
2012-08-27,-149,-201
2012-08-28,-22,-30
2012-08-29,-616,-775
2012-08-30,-4545,-5723
2012-08-31,-165,-211
2012-09-03,-1585,-1961
2012-09-04,-4489,-5633
2012-09-05,-8031,-9912
2012-09-06,2025,2492
2012-09-07,4389,5550
2012-09-10,-4669,-5981
2012-09-11,-1608,-2058
2012-09-12,6048,7705
2012-09-13,1059,1304
2012-09-14,1563,2078
2012-09-17,-5228,-6960
2012-09-18,2082,2765
2012-09-19,-776,-1044
2012-09-20,1006,1330
2012-09-21,-256,-340
2012-09-24,2516,3323
2012-09-25,-1439,-1906
2012-09-26,-1024,-1336
2012-09-27,5668,7444
2012-09-28,296,391
2012-10-02,-887,-1173
2012-10-04,-2271,-2977
2012-10-05,-828,-1091
2012-10-08,-4003,-5246
2012-10-09,2048,2699
2012-10-10,-8915,-11489
2012-10-11,-216,-258
2012-10-12,1061,1345
2012-10-15,2075,2624
2012-10-16,-501,-640
2012-10-17,1726,2234
2012-10-18,1579,2038
2012-10-19,-5030,-6458
2012-10-22,4318,5433
2012-10-23,-2655,-3382
2012-10-24,-2028,-2551
2012-10-25,-3126,-3913
2012-10-26,-1587,-1987
2012-10-29,2639,3285
2012-10-30,-318,-407
2012-10-31,861,1079
2012-11-01,-5942,-7375
2012-11-02,2246,2824
2012-11-05,-2874,-3599
2012-11-06,4212,5298
2012-11-07,-1664,-2079
2012-11-08,-5282,-6616
2012-11-09,1699,2097
2012-11-12,1089,1345
2012-11-13,-396,-496
2012-11-14,691,847
2012-11-15,-3557,-4355
2012-11-16,-2206,-2699
2012-11-19,4608,5667
2012-11-20,1482,1837
2012-11-21,-2497,-3099
2012-11-22,4379,5474
2012-11-23,1364,1705
2012-11-26,-2274,-2854
2012-11-27,5065,6429
2012-11-28,-2251,-2837
2012-11-29,6166,7857
2012-11-30,6014,7689
2012-12-03,-1714,-2197
2012-12-04,-2941,-3744
2012-12-05,3342,4281
2012-12-06,487,628
2012-12-07,5613,7277
2012-12-10,-2505,-3238
2012-12-11,1821,2387
2012-12-12,5105,6670
2012-12-13,1833,2418
2012-12-14,2110,2774
2012-12-17,-1947,-2570
2012-12-18,2001,2641
2012-12-20,276,365
2012-12-21,-917,-1207
2012-12-24,2422,3183
2012-12-26,-411,-546
2012-12-27,160,207
2012-12-28,-26,-38
2013-01-02,2150,2899
2013-01-03,-3525,-4780
2013-01-04,-2474,-3314
2013-01-07,9094,12189
2013-01-08,-14650,-19534
2013-01-09,-2358,-3125
2013-01-10,483,636
2013-01-11,-3409,-4549
2013-01-14,2255,2989
2013-01-15,-3589,-4755
2013-01-16,-1218,-1590
2013-01-17,80,94
2013-01-18,-3121,-4101
2013-01-21,3080,4054
2013-01-22,1256,1649
2013-01-23,-5124,-6760
2013-01-24,-3376,-4394
2013-01-25,-3800,-4898
2013-01-28,-2759,-3531
2013-01-29,4514,5816
2013-01-30,3368,4349
2013-01-31,505,651
2013-02-01,-1532,-1978
2013-02-04,-2604,-3370
2013-02-05,-2547,-3251
2013-02-06,-623,-795
2013-02-07,429,552
2013-02-08,4985,6390
2013-02-12,-3688,-4746
2013-02-13,7384,9630
2013-02-14,-957,-1254
2013-02-15,-591,-777
2013-02-18,-518,-681
2013-02-19,1593,2094
2013-02-20,9134,12228
2013-02-21,-266,-361
2013-02-22,1309,1745
2013-02-25,-1752,-2353
2013-02-26,708,932
2013-02-27,990,1316
2013-02-28,2326,3131
2013-03-04,-1855,-2485
2013-03-05,-629,-837
2013-03-06,-1856,-2503
2013-03-07,-3170,-4216
2013-03-08,1704,2246
2013-03-11,1166,1518
2013-03-12,-4719,-6242
2013-03-13,-2557,-3425
2013-03-14,-5287,-7015
2013-03-15,-6888,-9084
2013-03-18,4688,6108
2013-03-19,-990,-1286
2013-03-20,-3940,-5110
2013-03-21,-6803,-8767
2013-03-22,-92,-123
2013-03-25,4894,6381
2013-03-26,-599,-780
2013-03-27,4809,6336
2013-03-28,1358,1787
2013-03-29,1204,1597
2013-04-01,-440,-580
2013-04-02,-3500,-4605
2013-04-03,-1438,-1870
2013-04-04,-9992,-12852
2013-04-05,-350,-451
2013-04-08,1982,2510
2013-04-09,-2370,-3005
2013-04-10,2394,3052
2013-04-11,-688,-873
2013-04-12,-5480,-6975
2013-04-15,7681,9663
2013-04-16,-1869,-2334
2013-04-17,-5801,-7300
2013-04-18,-3415,-4262
2013-04-19,1590,1975
2013-04-22,3531,4423
2013-04-23,-1084,-1362
2013-04-24,838,1063
2013-04-25,-1109,-1412
2013-04-26,838,1064
2013-04-29,-382,-477
2013-04-30,7650,9812
2013-05-02,-4512,-5767
2013-05-03,-2968,-3793
2013-05-06,-3723,-4786
2013-05-07,86,105
2013-05-08,-301,-381
2013-05-09,11092,14310
2013-05-10,-12906,-16463
2013-05-13,5774,7305
2013-05-14,2085,2682
2013-05-15,-3304,-4239
2013-05-16,6134,7977
2013-05-20,-2870,-3724
2013-05-21,-2167,-2820
2013-05-22,2854,3720
2013-05-23,-879,-1151
2013-05-24,-275,-363
2013-05-27,2944,3801
2013-05-28,898,1169
2013-05-29,5294,6930
2013-05-30,3661,4789
2013-05-31,1674,2197
2013-06-03,1756,2288
2013-06-04,-6329,-8236
2013-06-05,-10127,-13122
2013-06-07,-3715,-4696
2013-06-10,1470,1804
2013-06-11,-464,-645
2013-06-12,-3903,-4984
2013-06-13,2317,2762
2013-06-14,-1502,-1855
2013-06-17,-3766,-4641
2013-06-18,-1692,-2103
2013-06-19,-1170,-1446
2013-06-20,-2966,-3604
2013-06-21,533,613
2013-06-24,1738,2029
2013-06-25,1537,1719
2013-06-26,-5567,-6487
2013-06-27,4471,5313
2013-06-28,740,880
2013-07-01,412,492
2013-07-02,324,390
2013-07-03,-181,-247
2013-07-04,2281,2712
2013-07-05,-5464,-6561
2013-07-08,1947,2313
2013-07-09,136,151
2013-07-10,-5417,-6420
2013-07-11,7937,9584
2013-07-12,-2610,-3174
2013-07-15,-1413,-1705
2013-07-16,-1660,-2020
2013-07-17,6313,7759
2013-07-18,-3507,-4274
2013-07-19,2084,2538
2013-07-22,-2735,-3328
2013-07-23,6982,8604
2013-07-24,-219,-271
2013-07-25,2260,2802
2013-07-26,1458,1810
2013-07-29,311,385
2013-07-30,3495,4353
2013-07-31,162,200
2013-08-01,326,429
2013-08-02,-1628,-2044
2013-08-05,-2322,-2896
2013-08-06,-5665,-6983
2013-08-07,-1751,-2141
2013-08-08,3097,3776
2013-08-09,615,748
2013-08-12,500,620
2013-08-13,2331,2879
2013-08-14,751,943
2013-08-16,-146,-191
2013-08-19,-1329,-1647
2013-08-20,-317,-403
2013-08-21,-12187,-14826
2013-08-22,1704,2037
2013-08-23,3020,3664
2013-08-26,1288,1579
2013-08-27,5307,6512
2013-08-28,2236,2736
2013-08-29,7468,9316
2013-08-30,-302,-381
2013-09-02,2016,2533
2013-09-03,1112,1402
2013-09-04,1915,2404
2013-09-05,6661,8488
2013-09-06,5445,6954
2013-09-09,-3160,-4065
2013-09-10,2959,3817
2013-09-11,-4,-45
2013-09-12,4735,6240
2013-09-13,1596,2101
2013-09-16,-1211,-1609
2013-09-17,-1159,-1529
2013-09-23,2251,2978
2013-09-24,-222,-284
2013-09-25,-2403,-3164
2013-09-26,7595,10026
2013-09-27,-2266,-3000
2013-09-30,224,304
2013-10-01,1427,1888
2013-10-02,-1813,-2400
2013-10-04,-3094,-4062
2013-10-07,-933,-1227
2013-10-08,-397,-506
2013-10-10,-6823,-9011
2013-10-11,6673,8917
2013-10-14,-2753,-3688
2013-10-15,-2685,-3627
2013-10-16,2393,3241
2013-10-17,3235,4393
2013-10-18,-186,-257
2013-10-21,-659,-900
2013-10-22,1005,1370
2013-10-23,1262,1685
2013-10-24,-206,-279
2013-10-25,-67,-88
2013-10-28,2305,3110
2013-10-29,3776,5115
2013-10-30,-51,-66
2013-10-31,-2367,-3199
2013-11-01,708,952
2013-11-04,-1014,-1355
2013-11-05,-2070,-2753
2013-11-06,-1208,-1609
2013-11-07,-3057,-4029
2013-11-08,-2107,-2765
2013-11-11,2516,3285
2013-11-12,-700,-921
2013-11-13,-5308,-6921
2013-11-14,-3031,-3940
2013-11-15,2075,2749
2013-11-18,-1114,-1477
2013-11-19,951,1283
2013-11-20,703,933
2013-11-21,-4570,-6025
2013-11-22,509,668
2013-11-25,1442,1929
2013-11-26,-89,-101
2013-11-27,3370,4496
2013-11-28,3532,4775
2013-11-29,3458,4672
2013-12-02,-2733,-3689
2013-12-03,-3774,-5019
2013-12-04,-6527,-8564
2013-12-05,-2923,-3820
2013-12-06,-2372,-3094
2013-12-09,1409,1862
2013-12-10,916,1206
2013-12-11,-732,-916
2013-12-12,-2912,-3718
2013-12-13,453,584
2013-12-16,2565,3291
2013-12-17,-677,-869
2013-12-18,1358,1763
2013-12-19,769,1007
2013-12-20,692,899
2013-12-23,4967,6525
2013-12-24,5677,7485
2013-12-26,5044,6659
2013-12-27,4295,5689
2013-12-30,259,341
2014-01-02,-10132,-13218
2014-01-03,-11162,-14299
2014-01-06,774,992
2014-01-07,-1240,-1596
2014-01-08,-2503,-3209
2014-01-09,-2383,-3057
2014-01-10,-3507,-4431
2014-01-13,2605,3319
2014-01-14,-3789,-4819
2014-01-15,-2144,-2736
2014-01-16,275,350
2014-01-17,-2364,-3007
2014-01-20,4888,6229
2014-01-21,2382,3074
2014-01-22,-2510,-3230
2014-01-23,-4657,-5961
2014-01-24,-848,-1076
2014-01-27,5212,6526
2014-01-28,2719,3415
2014-01-29,5976,7576
2014-02-03,-3929,-4914
2014-02-04,-5602,-6893
2014-02-05,552,677
2014-02-06,-151,-186
2014-02-07,593,738
2014-02-10,-2490,-3117
2014-02-11,1270,1605
2014-02-12,1212,1534
2014-02-13,-3014,-3793
2014-02-14,6861,8702
2014-02-17,-4406,-5612
2014-02-18,-1507,-1901
2014-02-19,-3521,-4436
2014-02-20,825,1041
2014-02-21,5266,6701
2014-02-24,-796,-1013
2014-02-25,3455,4431
2014-02-26,2005,2580
2014-02-27,734,948
2014-02-28,1315,1700
2014-03-03,-1548,-1973
2014-03-04,-2959,-3776
2014-03-05,2620,3386
2014-03-06,739,948
2014-03-07,465,600
2014-03-10,-8598,-10981
2014-03-11,2309,2866
2014-03-12,-8136,-10376
2014-03-13,-426,-557
2014-03-14,2377,2973
2014-03-17,1802,2257
2014-03-18,-804,-1009
2014-03-19,-1101,-1398
2014-03-20,-4963,-6223
2014-03-21,1690,2123
2014-03-24,-1934,-2443
2014-03-25,1065,1351
2014-03-26,8581,10966
2014-03-27,1584,2028
2014-03-28,1521,1963
2014-03-31,356,460
2014-04-01,4040,5238
2014-04-02,-2403,-3131
2014-04-03,5092,6658
2014-04-04,5294,6912
2014-04-07,-1400,-1821
2014-04-08,3599,4695
2014-04-09,-637,-839
2014-04-10,-690,-904
2014-04-11,-2759,-3595
2014-04-14,1189,1550
2014-04-15,-4982,-6513
2014-04-16,21,29
2014-04-17,-3826,-4989
2014-04-18,2691,3533
2014-04-21,-2027,-2656
2014-04-22,873,1162
2014-04-23,-3042,-3990
2014-04-24,1132,1487
2014-04-25,-6863,-8929
2014-04-28,5973,7706
2014-04-29,-3015,-3872
2014-04-30,-2192,-2804
2014-05-02,-2765,-3531
2014-05-07,-8175,-10354
2014-05-08,-4709,-5949
2014-05-09,-246,-312
2014-05-12,2409,3070
2014-05-13,5908,7659
2014-05-14,10908,14260
2014-05-15,1055,1388
2014-05-16,2276,2983
2014-05-19,812,1071
2014-05-20,-38,-50
2014-05-21,2731,3591
2014-05-22,133,173
2014-05-23,1277,1686
2014-05-26,-391,-512
2014-05-27,-6157,-8040
2014-05-28,7266,9524
2014-05-29,87,113
2014-05-30,-2403,-3135
2014-06-02,-530,-693
2014-06-03,-1272,-1659
2014-06-05,-6866,-8952
2014-06-09,176,255
2014-06-10,5167,6736
2014-06-11,-2635,-3459
2014-06-12,-4095,-5388
2014-06-13,-12631,-16422
2014-06-16,6755,8782
2014-06-17,814,1064
2014-06-18,-4620,-6008
2014-06-19,-1236,-1604
2014-06-20,-12148,-15650
2014-06-23,4755,6134
2014-06-24,7327,9540
2014-06-25,-5777,-7507
2014-06-26,7678,10020
2014-06-27,-956,-1232
2014-06-30,-1654,-2155
2014-07-01,1023,1343
2014-07-02,8999,11845
2014-07-03,-3438,-4517
2014-07-04,-2940,-3860
2014-07-07,-4197,-5466
2014-07-08,564,741
2014-07-09,-3253,-4211
2014-07-10,3334,4335
2014-07-11,-7280,-9378
2014-07-14,961,1247
2014-07-15,11272,14710
2014-07-16,1311,1715
2014-07-17,6093,8018
2014-07-18,-2475,-3231
2014-07-21,-2232,-2928
2014-07-22,4313,5682
2014-07-23,-330,-433
2014-07-24,1068,1414
2014-07-25,3433,4541
2014-07-28,5284,7040
2014-07-29,4833,6504
2014-07-30,306,408
2014-07-31,-775,-1061
2014-08-01,2783,3752
2014-08-04,-5854,-7909
2014-08-05,835,1129
2014-08-06,-2460,-3293
2014-08-07,-4361,-5807
2014-08-08,-4975,-6556
2014-08-11,-675,-894
2014-08-12,-2000,-2652
2014-08-13,421,559
2014-08-14,-1094,-1451
2014-08-18,-4095,-5446
2014-08-19,5272,7049
2014-08-20,-3952,-5282
2014-08-21,-12439,-16399
2014-08-22,3685,4872
2014-08-25,2642,3498
2014-08-26,3742,4988
2014-08-27,4267,5710
2014-08-28,1490,2008
2014-08-29,-3941,-5225
2014-09-01,-1900,-2512
2014-09-02,-13256,-17444
2014-09-03,-5708,-7493
2014-09-04,2001,2644
2014-09-05,301,329
2014-09-11,-2795,-3710
2014-09-12,-287,-375
2014-09-15,2170,2846
2014-09-16,111,149
2014-09-17,6504,8616
2014-09-18,-7439,-9818
2014-09-19,1308,1734
2014-09-22,-9044,-11814
2014-09-23,-272,-352
2014-09-24,-1461,-1898
2014-09-25,-36,-41
2014-09-26,894,1157
2014-09-29,864,1123
2014-09-30,-5494,-7068
2014-10-01,-1106,-1429
2014-10-02,-6994,-8786
2014-10-06,-1781,-2241
2014-10-07,-1224,-1532
2014-10-08,3459,4323
2014-10-10,-187,-237
2014-10-13,6049,7396
2014-10-14,-6631,-8152
2014-10-15,850,1035
2014-10-16,-761,-922
2014-10-17,1671,1994
2014-10-20,58,72
2014-10-21,-400,-488
2014-10-22,-4024,-4917
2014-10-23,-537,-650
2014-10-24,-1276,-1557
2014-10-27,919,1132
2014-10-28,-526,-645
2014-10-29,6107,7549
2014-10-30,325,403
2014-10-31,-1935,-2404
2014-11-03,693,861
2014-11-04,-2412,-2975
2014-11-05,2376,2943
2014-11-06,4403,5447
2014-11-07,-1771,-2194
2014-11-10,4748,5971
2014-11-11,-2688,-3373
2014-11-12,3097,3911
2014-11-13,-3071,-3856
2014-11-14,-4328,-5362
2014-11-17,5887,7326
2014-11-18,2810,3531
2014-11-19,-4428,-5553
2014-11-20,352,443
2014-11-21,-758,-946
2014-11-24,2739,3473
2014-11-25,211,265
2014-11-26,-3633,-4576
2014-11-27,5138,6529
2014-11-28,736,928
2014-12-01,-7385,-9280
2014-12-02,-286,-354
2014-12-03,935,1182
2014-12-04,9298,11790
2014-12-05,561,712
2014-12-08,-1799,-2278
2014-12-09,-1927,-2411
2014-12-10,-8078,-10016
2014-12-11,-2430,-2870
2014-12-12,-76,-92
2014-12-15,4550,5547
2014-12-16,1904,2313
2014-12-17,-1523,-1856
2014-12-18,-3069,-3724
2014-12-19,2438,3001
2014-12-22,2009,2481
2014-12-23,3076,3813
2014-12-24,4250,5274
2014-12-26,2045,2549
2014-12-29,-2967,-3688
2014-12-30,-6271,-7712
2015-01-02,802,973
2015-01-05,20,27
2015-01-06,-9175,-11065
2015-01-07,-2308,-2776
2015-01-08,511,620
2015-01-09,6326,7815
2015-01-12,872,1076
2015-01-13,2053,2535
2015-01-14,-2041,-2517
2015-01-15,212,268
2015-01-16,-3653,-4447
2015-01-19,8660,10651
2015-01-20,2804,3469
2015-01-21,4786,5940
2015-01-22,1029,1279
2015-01-23,2621,3294
2015-01-26,2857,3579
2015-01-27,1750,2205
2015-01-28,156,196
2015-01-29,4484,5645
2015-01-30,373,471
2015-02-02,-103,-122
2015-02-03,-930,-1165
2015-02-04,1804,2281
2015-02-05,-8447,-10577
2015-02-06,606,757
2015-02-09,1620,2025
2015-02-10,-4777,-5942
2015-02-11,1842,2293
2015-02-12,-2692,-3326
2015-02-13,2974,3717
2015-02-16,654,817
2015-02-17,4906,6148
2015-02-23,-1929,-2425
2015-02-24,1015,1281
2015-02-25,2661,3370
2015-02-26,-349,-438
2015-02-27,85,119
2015-03-02,922,1169
2015-03-03,3039,3864
2015-03-04,-1479,-1882
2015-03-05,1851,2351
2015-03-06,1997,2547
2015-03-09,-5010,-6365
2015-03-10,-5905,-7492
2015-03-11,-3841,-4917
2015-03-12,-395,-505
2015-03-13,2101,2665
2015-03-16,5112,6485
2015-03-17,10802,13894
2015-03-18,10,14
2015-03-19,-795,-1036
2015-03-20,-1054,-1368
2015-03-23,-2036,-2649
2015-03-24,1053,1366
2015-03-25,1471,1922
2015-03-26,253,330
2015-03-27,2784,3586
2015-03-30,38,46
2015-03-31,-2202,-2844
2015-04-01,-1485,-1880
2015-04-02,-196,-244
2015-04-03,2223,2851
2015-04-06,-2798,-3609
2015-04-07,-4786,-6181
2015-04-08,7556,9773
2015-04-09,-3842,-4979
2015-04-10,6928,9057
2015-04-13,466,615
2015-04-14,3119,4139
2015-04-15,2319,3097
2015-04-16,-1062,-1426
2015-04-17,-280,-377
2015-04-20,4615,6189
2015-04-21,315,419
2015-04-22,985,1336
2015-04-23,-1278,-1741
2015-04-24,-5496,-7551
2015-04-27,645,875
2015-04-28,5487,7436
2015-04-29,1753,2376
2015-04-30,1781,2380
2015-05-04,1080,1451
2015-05-06,-11339,-15023
2015-05-07,-1574,-2058
2015-05-08,651,852
2015-05-11,-739,-976
2015-05-12,590,774
2015-05-13,-331,-431
2015-05-14,359,477
2015-05-15,-7580,-9966
2015-05-18,2128,2783
2015-05-19,-1698,-2237
2015-05-20,4472,5927
2015-05-21,-8695,-11456
2015-05-22,6246,8263
2015-05-26,-1386,-1844
2015-05-27,-7168,-9342
2015-05-28,4438,5780
2015-05-29,2266,2948
2015-06-01,-2321,-2994
2015-06-02,-1049,-1334
2015-06-03,-2453,-3146
2015-06-04,419,541
2015-06-05,2005,2548
2015-06-08,-2370,-3000
2015-06-09,1445,1812
2015-06-10,-4697,-5975
2015-06-11,-2284,-2907
2015-06-12,-6290,-7975
2015-06-15,3600,4511
2015-06-16,-2010,-2490
2015-06-17,-1017,-1264
2015-06-18,-190,-235
2015-06-19,148,181
2015-06-22,-2514,-3162
2015-06-23,5914,7533
2015-06-24,-1318,-1683
2015-06-25,-175,-223
2015-06-26,1996,2541
2015-06-29,58,73
2015-06-30,3621,4552
2015-07-01,4709,5983
2015-07-02,-920,-1179
2015-07-03,-3008,-3829
2015-07-06,-4258,-5371
2015-07-07,259,315
2015-07-08,196,251
2015-07-09,-2857,-3524
2015-07-10,-3064,-3792
2015-07-13,1520,1870
2015-07-14,-54,-63
2015-07-15,-253,-300
2015-07-16,1569,1961
2015-07-17,-2450,-3076
2015-07-20,-323,-401
2015-07-21,-2032,-2513
2015-07-22,-1881,-2317
2015-07-23,-890,-1097
2015-07-24,-3384,-4148
2015-07-27,6764,8275
2015-07-28,-3458,-4245
2015-07-29,3038,3742
2015-07-30,-6768,-8285
2015-07-31,-4658,-5662
2015-08-03,2129,2574
2015-08-04,-831,-1010
2015-08-05,360,442
2015-08-06,-6179,-7481
2015-08-07,3082,3693
2015-08-10,-970,-1162
2015-08-11,2441,2925
2015-08-12,-1996,-2357
2015-08-13,5317,6303
2015-08-17,-70,-91
2015-08-18,-2251,-2660
2015-08-19,-2485,-2911
2015-08-20,-413,-484
2015-08-21,8902,10122
2015-08-24,18914,20962
2015-08-25,828,896
2015-08-26,-6219,-7054
2015-08-27,-2801,-3185
2015-08-28,-2802,-3239
2015-08-31,-1131,-1302
2015-09-01,1406,1598
2015-09-02,892,995
2015-09-03,-2103,-2420
2015-09-04,1117,1255
2015-09-07,-359,-433
2015-09-08,-1138,-1325
2015-09-09,2293,2606
2015-09-10,-5305,-6216
2015-09-11,2620,3069
2015-09-14,-2700,-3156
2015-09-15,1858,2164
2015-09-16,7846,9318
2015-09-17,-4025,-4831
2015-09-18,1675,1981
2015-09-21,150,181
2015-09-22,158,189
2015-09-23,1368,1613
2015-09-24,-940,-1109
2015-09-25,-305,-347
2015-09-30,5921,6912
2015-10-01,4856,5790
2015-10-02,-2987,-3559
2015-10-05,-721,-859
2015-10-06,4017,4828
2015-10-07,2837,3441
2015-10-08,1317,1610
2015-10-12,1944,2405
2015-10-13,118,143
2015-10-14,2938,3611
2015-10-15,1370,1695
2015-10-16,-62,-81
2015-10-19,2461,3058
2015-10-20,3122,3881
2015-10-21,1832,2296
2015-10-22,635,788
2015-10-23,1952,2459
2015-10-26,711,892
2015-10-27,1670,2096
2015-10-28,184,236
2015-10-29,246,332
2015-10-30,5939,7433
2015-11-02,430,538
2015-11-03,2828,3581
2015-11-04,-3461,-4379
2015-11-05,400,513
2015-11-06,-2177,-2731
2015-11-09,3428,4286
2015-11-10,-7043,-8715
2015-11-11,3259,4002
2015-11-12,1122,1378
2015-11-13,-2848,-3469
2015-11-16,1674,2007
2015-11-17,-3725,-4504
2015-11-18,-480,-582
2015-11-19,-1712,-2088
2015-11-20,-1346,-1646
2015-11-23,916,1126
2015-11-24,-319,-394
2015-11-25,570,700
2015-11-26,4436,5531
2015-11-27,-34,-45
2015-11-30,-6124,-7513
2015-12-01,3730,4611
2015-12-02,-1853,-2297
2015-12-03,-5699,-6961
2015-12-04,-4206,-5094
2015-12-07,-860,-1024
2015-12-08,-1897,-2260
2015-12-09,-58,-36
2015-12-10,-726,-796
2015-12-11,-1515,-1795
2015-12-14,1486,1750
2015-12-15,-91,-108
2015-12-16,6133,7377
2015-12-17,-2196,-2650
2015-12-18,3834,4612
2015-12-21,-2039,-2454
2015-12-22,1157,1407
2015-12-23,9228,11292
2015-12-24,3333,4081
2015-12-28,-2636,-3167
2015-12-29,1094,1327
2015-12-30,-3881,-4678
2016-01-04,-6688,-7936
2016-01-05,-2037,-2408
2016-01-06,-4184,-4911
2016-01-07,-5958,-6950
2016-01-08,-4064,-4739
2016-01-11,-1221,-1413
2016-01-12,-1438,-1678
2016-01-13,2616,3049
2016-01-14,-6224,-7173
2016-01-15,-3672,-4240
2016-01-18,2011,2290
2016-01-19,-2178,-2494
2016-01-20,-8161,-9270
2016-01-21,4380,4934
2016-01-22,3182,3625
2016-01-25,372,432
2016-01-26,-1636,-1846
2016-01-27,1794,2062
2016-01-28,2071,2384
2016-01-29,2350,2720
2016-02-01,752,879
2016-02-02,-681,-791
2016-02-03,-3766,-4306
2016-02-04,10502,12205
2016-02-05,3789,4430
2016-02-11,-7427,-8471
2016-02-12,-20,-20
2016-02-15,2591,2958
2016-02-16,6390,7379
2016-02-17,4529,5265
2016-02-18,4353,5118
2016-02-19,-233,-275
2016-02-22,2181,2568
2016-02-23,1780,2097
2016-02-24,2250,2646
2016-02-25,2936,3472
2016-02-26,1603,1891
2016-02-29,1754,2073
2016-03-02,3510,4195
2016-03-03,-352,-422
2016-03-04,2855,3428
2016-03-07,2658,3228
2016-03-08,-3855,-4592
2016-03-09,2702,3256
2016-03-10,8123,9822
2016-03-11,-2614,-3185
2016-03-14,-3426,-4188
2016-03-15,3463,4215
2016-03-16,548,672
2016-03-17,829,1022
2016-03-18,-2075,-2546
2016-03-21,-1161,-1426
2016-03-22,867,1066
2016-03-23,17,17
2016-03-24,2569,3155
2016-03-25,-1067,-1309
2016-03-28,1530,1881
2016-03-29,181,234
2016-03-30,658,819
2016-03-31,-2811,-3472
2016-04-01,-4853,-5914
2016-04-04,834,1014
2016-04-05,-2028,-2446
2016-04-06,448,544
2016-04-07,-4226,-5126
2016-04-08,-2122,-2554
2016-04-11,253,309
2016-04-12,4149,5070
2016-04-14,5705,7085
2016-04-15,1313,1639
2016-04-18,-34,-43
2016-04-19,-1857,-2312
2016-04-20,2042,2539
2016-04-21,987,1231
2016-04-22,-1359,-1690
2016-04-25,-1321,-1639
2016-04-26,262,337
2016-04-27,1659,2067
2016-04-28,-6637,-8228
2016-04-29,-5831,-7149
2016-05-02,-3700,-4515
2016-05-03,-73,-88
2016-05-04,-4604,-5593
2016-05-09,-2672,-3241
2016-05-10,2242,2724
2016-05-11,-3681,-4470
2016-05-12,829,1008
2016-05-13,-2840,-3418
2016-05-16,3666,4414
2016-05-17,-1977,-2380
2016-05-18,-2987,-3568
2016-05-19,-171,-205
2016-05-20,-727,-868
2016-05-23,1784,2137
2016-05-24,-1442,-1720
2016-05-25,3952,4763
2016-05-26,-1303,-1573
2016-05-27,234,289
2016-05-30,2722,3296
2016-05-31,1336,1613
2016-06-01,2169,2640
2016-06-02,2060,2518
2016-06-03,978,1212
2016-06-07,5248,6516
2016-06-08,3193,3996
2016-06-09,1259,1572
2016-06-10,2299,2881
2016-06-13,-1735,-2145
2016-06-14,-1457,-1775
2016-06-15,-1890,-2304
2016-06-16,-5511,-6690
2016-06-17,-1527,-1853
2016-06-20,1194,1464
2016-06-21,-1041,-1274
2016-06-22,2463,3033
2016-06-23,670,828
2016-06-24,-7223,-8781
2016-06-27,-930,-1113
2016-06-28,-1904,-2279
2016-06-29,2916,3551
2016-06-30,4052,4946
2016-07-01,4174,5153
2016-07-04,-562,-696
2016-07-05,-204,-252
2016-07-06,-12863,-15633
2016-07-07,5076,6212
2016-07-08,-1317,-1602
2016-07-11,4458,5513
2016-07-12,3039,3772
2016-07-13,6109,7634
2016-07-14,-795,-997
2016-07-15,4253,5348
2016-07-18,205,257
2016-07-19,-189,-240
2016-07-20,-694,-864
2016-07-21,216,269
2016-07-22,3164,3964
2016-07-25,-2418,-3032
2016-07-26,7440,9361
2016-07-27,-1168,-1478
2016-07-28,-5378,-6781
2016-07-29,2645,3348
2016-08-01,2733,3469
2016-08-02,-6000,-7579
2016-08-03,-3335,-4153
2016-08-04,597,746
2016-08-05,5671,7133
2016-08-08,1849,2349
2016-08-09,6088,7777
2016-08-10,1162,1486
2016-08-11,-1558,-1990
2016-08-12,805,1043
2016-08-16,1246,1602
2016-08-17,-260,-332
2016-08-18,3025,3892
2016-08-19,166,213
2016-08-22,1182,1524
2016-08-23,2547,3281
2016-08-24,-3999,-5152
2016-08-25,2562,3295
2016-08-26,-1225,-1561
2016-08-29,1321,1701
2016-08-30,-177,-218
2016-08-31,-3204,-4107
2016-09-01,-2543,-3237
2016-09-02,402,525
2016-09-05,4208,5497
2016-09-06,-351,-421
2016-09-07,-2173,-2765
2016-09-08,-1333,-1695
2016-09-09,-5786,-7470
2016-09-12,-2722,-3442
2016-09-13,-3601,-4562
2016-09-19,3097,3923
2016-09-20,-3683,-4681
2016-09-21,-250,-325
2016-09-22,5933,7695
2016-09-23,-497,-644
2016-09-26,158,203
2016-09-27,2958,3822
2016-09-28,1115,1442
2016-09-29,5007,6535
2016-09-30,-772,-998
2016-10-04,-1629,-2115
2016-10-05,647,857
2016-10-06,-164,-211
2016-10-07,68,86
2016-10-10,-296,-374
2016-10-11,-11535,-14905
2016-10-12,2043,2614
2016-10-13,-2241,-2860
2016-10-14,1407,1797
2016-10-17,1912,2467
2016-10-18,2297,2953
2016-10-19,1118,1447
2016-10-20,536,694
2016-10-21,-2013,-2585
2016-10-24,3009,3904
2016-10-25,-1910,-2469
2016-10-26,-12864,-16465
2016-10-27,3860,4951
2016-10-28,3432,4412
2016-10-31,1227,1570
2016-11-01,-3437,-4356
2016-11-02,-9991,-12681
2016-11-03,-5747,-7274
2016-11-04,-721,-911
2016-11-07,-1419,-1811
2016-11-08,405,515
2016-11-09,-5951,-7356
2016-11-10,6419,8166
2016-11-11,-3822,-4829
2016-11-14,-1144,-1438
2016-11-15,-406,-512
2016-11-16,-223,-282
2016-11-17,-201,-247
2016-11-18,922,1147
2016-11-21,616,772
2016-11-22,5347,6730
2016-11-23,5225,6631
2016-11-24,-2878,-3642
2016-11-25,41,44
2016-11-28,4109,5191
2016-11-29,-1097,-1362
2016-11-30,3989,5060
2016-12-01,-60,-81
2016-12-02,-4982,-6299
2016-12-05,609,744
2016-12-06,11431,14534
2016-12-07,1261,1545
2016-12-08,7950,10272
2016-12-09,1567,2018
2016-12-12,-277,-354
2016-12-13,3323,4282
2016-12-14,247,323
2016-12-15,1536,1977
2016-12-16,3337,4318
2016-12-19,3648,4721
2016-12-20,1097,1425
2016-12-21,397,517
2016-12-22,1615,2090
2016-12-23,180,222
2016-12-26,1119,1448
2016-12-27,1703,2206
2016-12-28,1275,1658
2016-12-29,928,1209
2017-01-02,-1681,-2180
2017-01-03,-430,-558
2017-01-04,-1521,-2001
2017-01-05,242,318
2017-01-06,2483,3275
2017-01-09,-1155,-1523
2017-01-10,1456,1923
2017-01-11,9260,12362
2017-01-12,-5789,-7797
2017-01-13,1039,1395
2017-01-16,486,644
2017-01-17,2198,2952
2017-01-18,-1206,-1616
2017-01-19,-2332,-3119
2017-01-20,1337,1788
2017-01-23,455,610
2017-01-24,-55,-74
2017-01-25,-5519,-7407
2017-01-26,2684,3631
2017-01-31,-2249,-3036
2017-02-01,-1181,-1595
2017-02-02,650,880
2017-02-03,-1600,-2148
2017-02-06,-1822,-2448
2017-02-07,-1060,-1427
2017-02-08,-2386,-3184
2017-02-09,848,1138
2017-02-10,-1366,-1839
2017-02-13,667,896
2017-02-14,-2438,-3277
2017-02-15,2188,2941
2017-02-16,-2341,-3145
2017-02-17,332,442
2017-02-20,1611,2168
2017-02-21,5557,7553
2017-02-22,-1158,-1580
2017-02-23,-397,-541
2017-02-24,-6215,-8434
2017-02-27,-374,-502
2017-02-28,-58,-76
2017-03-02,3841,5241
2017-03-03,-7467,-10080
2017-03-06,1713,2341
2017-03-07,5252,7180
2017-03-08,-549,-735
2017-03-09,-1641,-2229
2017-03-10,-856,-1155
2017-03-13,8108,11156
2017-03-14,-347,-484
2017-03-15,-528,-734
2017-03-16,-3754,-5266
2017-03-17,99,131
2017-03-20,-591,-830
2017-03-21,-2376,-3361
2017-03-22,-1410,-1986
2017-03-23,856,1215
2017-03-24,-487,-685
2017-03-27,1047,737
2017-03-28,-2199,-1550
2017-03-29,-1798,-1267
2017-03-30,-1070,-755
2017-03-31,4899,3451
2017-04-03,-889,-625
2017-04-04,4316,3051
2017-04-05,-2116,-1486
2017-04-06,2179,1523
2017-04-07,2894,2022
2017-04-10,-2586,-1786
2017-04-11,-3190,-2205
2017-04-12,-2774,-1920
2017-04-13,6742,4667
2017-04-14,-3642,-2535
2017-04-17,2282,1591
2017-04-18,-10126,-7055
2017-04-19,-799,-546
2017-04-20,5666,3925
2017-04-21,5829,4093
2017-04-24,-3939,-2776
2017-04-25,5156,3652
2017-04-26,-304,-217
2017-04-27,1587,1135
2017-04-28,1141,813
2017-05-02,-1671,-1208
2017-05-04,-3124,-2284
2017-05-08,-2026,-1523
2017-05-10,-2325,-1755
2017-05-11,-691,-534
2017-05-12,-3343,-2501
2017-05-15,-2156,-1614
2017-05-16,-2894,-2169
2017-05-17,1001,749
2017-05-18,1390,1039
2017-05-19,657,488
2017-05-22,-7080,-5309
2017-05-23,1391,1051
2017-05-24,-1948,-1471
2017-05-25,1801,1372
2017-05-26,-2224,-1703
2017-05-29,3700,2851
2017-05-30,-710,-532
2017-05-31,4714,3606
2017-06-01,-3826,-2902
2017-06-02,5454,4248
2017-06-05,-3938,-3011
2017-06-07,-1695,-1313
2017-06-08,2105,1616
2017-06-09,3037,2355
2017-06-12,-7497,-5757
2017-06-13,-576,-446
2017-06-14,-2036,-1570
2017-06-15,-703,-527
2017-06-16,2062,1582
2017-06-19,7622,5893
2017-06-20,-3722,-2886
2017-06-21,-4208,-3231
2017-06-22,6184,4779
2017-06-23,1946,1510
2017-06-26,1799,1400
2017-06-27,850,662
2017-06-28,2553,1989
2017-06-29,-2446,-1918
2017-06-30,-1936,-1507
2017-07-03,-7778,-6084
2017-07-04,-6404,-4987
2017-07-05,4661,3636
2017-07-06,-4244,-3316
2017-07-07,1633,1279
2017-07-10,1656,1297
2017-07-11,6621,5191
2017-07-12,-3686,-2896
2017-07-13,13660,10845
2017-07-14,-1522,-1212
2017-07-17,-7453,-5949
2017-07-18,-518,-414
2017-07-19,-3367,-2689
2017-07-20,-2086,-1671
2017-07-21,-465,-372
2017-07-24,928,746
2017-07-25,-4287,-3450
2017-07-26,-993,-787
2017-07-27,1162,931
2017-07-28,-6481,-5133
2017-07-31,15814,12430
2017-08-01,2868,2262
2017-08-02,-5567,-4432
2017-08-03,-9120,-7158
2017-08-04,6110,4797
2017-08-07,3510,2768
2017-08-08,-57,-35
2017-08-09,-5135,-3991
2017-08-10,-4049,-3121
2017-08-11,6831,5188
2017-08-14,2233,1700
2017-08-16,-3268,-2520
2017-08-17,5837,4508
2017-08-18,-6396,-4930
2017-08-21,-3906,-3016
2017-08-22,-2480,-1918
2017-08-23,-5146,-3992
2017-08-24,2218,1726
2017-08-25,-2444,-1906
2017-08-28,-3599,-2787
2017-08-29,-2028,-1539
2017-08-30,1425,1101
2017-08-31,-2996,-2322
2017-09-01,-72,-55
2017-09-04,7787,5938
2017-09-05,-6981,-5314
2017-09-06,-4050,-3074
2017-09-07,5646,4336
2017-09-08,-902,-691
2017-09-11,241,211
2017-09-12,-3847,-2957
2017-09-13,1040,841
2017-09-14,-4963,-3824
2017-09-15,-683,-530
2017-09-18,1608,1273
2017-09-19,-4403,-3520
2017-09-20,-3899,-3116
2017-09-21,317,251
2017-09-22,-4907,-3909
2017-09-25,1704,1351
2017-09-26,481,384
2017-09-27,-2930,-2307
2017-09-28,2538,2004
2017-09-29,3901,3082
2017-10-10,9318,7534
2017-10-11,4422,3599
2017-10-12,124,106
2017-10-13,-1890,-1549
2017-10-16,1903,1563
2017-10-17,1304,1072
2017-10-18,-892,-728
2017-10-19,-2390,-1962
2017-10-20,1659,1356
2017-10-23,-9756,-8051
2017-10-24,2899,2388
2017-10-25,62,64
2017-10-26,-3567,-2948
2017-10-27,2834,2333
2017-10-30,-8005,-6623
2017-10-31,-1299,-1078
2017-11-01,-751,-619
2017-11-02,-3315,-2812
2017-11-03,-4052,-3422
2017-11-06,-7674,-6473
2017-11-07,-2357,-1998
2017-11-08,5794,4903
2017-11-09,-2996,-2546
2017-11-10,3280,2755
2017-11-13,-2167,-1822
2017-11-14,1287,1073
2017-11-15,3462,2884
2017-11-16,-3552,-2971
2017-11-17,-5573,-4660
2017-11-20,-2608,-2183
2017-11-21,1401,1167
2017-11-22,-3782,-3173
2017-11-23,-1277,-1072
2017-11-24,564,465
2017-11-27,-10084,-8384
2017-11-28,7058,5823
2017-11-29,-833,-696
2017-11-30,-226,-172
2017-12-01,-513,-433
2017-12-04,-97,-88
2017-12-05,1483,1219
2017-12-06,-6161,-5052
2017-12-07,4228,3419
2017-12-08,1183,915
2017-12-11,2496,2003
2017-12-12,-1958,-1627
2017-12-13,9662,7988
2017-12-14,9639,7954
2017-12-15,-8502,-6889
2017-12-18,331,266
2017-12-19,-1448,-1165
2017-12-20,2056,1667
2017-12-21,-2529,-2027
2017-12-22,3111,2481
2017-12-26,9464,7569
2017-12-27,-1361,-1093
2017-12-28,9306,7537
2018-01-02,-4800,-3919
2018-01-03,-6367,-5220
2018-01-04,-13559,-11091
2018-01-05,2104,1721
2018-01-08,-5816,-4806
2018-01-09,2398,1997
2018-01-10,-3990,-3273
2018-01-11,-2337,-1907
2018-01-12,-4789,-3907
2018-01-15,881,726
2018-01-16,1362,1117
2018-01-17,-1611,-1325
2018-01-18,-684,-564
2018-01-19,4050,3344
2018-01-22,-11639,-9514
2018-01-23,9434,7755
2018-01-24,9461,7859
2018-01-25,5988,5005
2018-01-26,1020,856
2018-01-29,944,803
2018-01-30,-8798,-7391
2018-01-31,13484,11329
2018-02-01,-7147,-5976
2018-02-02,-9312,-7675
2018-02-05,-2034,-1628
2018-02-06,-12719,-10041
2018-02-07,-4436,-3612
2018-02-08,-3275,-2558
2018-02-09,-518,-413
2018-02-12,2811,2180
2018-02-13,-251,-186
2018-02-14,-5227,-4104
2018-02-19,2170,1733
2018-02-20,1378,1073
2018-02-21,811,638
2018-02-22,-1611,-1255
2018-02-23,3140,2469
2018-02-26,-2177,-1732
2018-02-27,-2202,-1755
2018-02-28,3824,2994
2018-03-02,-4010,-3093
2018-03-05,-1273,-965
2018-03-06,2615,2016
2018-03-07,-1007,-792
2018-03-08,6390,4993
2018-03-09,908,734
2018-03-12,-3311,-2656
2018-03-13,-1325,-1071
2018-03-14,2666,2143
2018-03-15,-2187,-1746
2018-03-16,-2873,-2309
2018-03-19,664,536
2018-03-20,-1572,-1270
2018-03-21,2129,1717
2018-03-22,-1240,-998
2018-03-23,1817,1403
2018-03-26,-4909,-3837
2018-03-27,-1250,-990
2018-03-28,-3188,-2485
2018-03-29,-367,-296
2018-03-30,-3199,-2534
2018-04-02,-542,-426
2018-04-03,-3288,-2568
2018-04-04,-5183,-4065
2018-04-05,3419,2682
2018-04-06,-3894,-3032
2018-04-09,4763,3738
2018-04-10,-6856,-5341
2018-04-11,-5233,-4110
2018-04-12,-2457,-1927
2018-04-13,1329,1047
2018-04-16,-5818,-4595
2018-04-17,-129,-94
2018-04-18,5176,4137
2018-04-19,3665,2945
2018-04-20,-2377,-1892
2018-04-23,884,702
2018-04-24,-3,0
2018-04-25,-1035,-803
2018-04-26,13629,10827
2018-04-27,4784,3857
2018-04-30,1020,820
2018-05-02,-6032,-4847
2018-05-03,-1095,-869
2018-05-04,-3662,-2919
2018-05-08,1258,1001
2018-05-09,-1927,-1512
2018-05-10,835,659
2018-05-11,5983,4777
2018-05-14,-4552,-3622
2018-05-15,1244,975
2018-05-16,-261,-205
2018-05-17,179,145
2018-05-18,-439,-346
2018-05-21,3118,2482
2018-05-23,7474,5939
2018-05-24,-7417,-5886
2018-05-25,1588,1265
2018-05-28,2298,1833
2018-05-29,-8225,-6521
2018-05-30,-15885,-12347
2018-05-31,-498,-389
2018-06-01,4729,3696
2018-06-04,4142,3252
2018-06-05,3747,2949
2018-06-07,8976,7133
2018-06-08,-680,-554
2018-06-11,7256,5735
2018-06-12,4564,3616
2018-06-14,-472,-359
2018-06-15,-3997,-3105
2018-06-18,-1551,-1200
2018-06-19,-4310,-3291
2018-06-20,-443,-334
2018-06-21,-4599,-3487
2018-06-22,5252,3932
2018-06-25,4798,3621
2018-06-26,2359,1778
2018-06-27,2595,1964
2018-06-28,-2102,-1568
2018-06-29,-3698,-2745
2018-07-02,-2080,-1585
2018-07-03,430,309
2018-07-04,-2253,-1659
2018-07-05,1094,797
2018-07-06,-1450,-1065
2018-07-09,3010,2221
2018-07-10,-359,-266
2018-07-11,6741,4977
2018-07-12,4036,2985
2018-07-13,3835,2864
2018-07-16,1117,832
2018-07-17,4681,3489
2018-07-18,-3739,-2794
2018-07-19,2155,1600
2018-07-20,5902,4379
2018-07-23,3264,2416
2018-07-24,613,466
2018-07-25,1176,882
2018-07-26,-1186,-873
2018-07-27,1248,930
2018-07-30,720,540
2018-07-31,-2549,-1896
2018-08-01,-1477,-1101
2018-08-02,-12641,-9377
2018-08-03,7869,5802
2018-08-06,-47,-29
2018-08-07,1847,1369
2018-08-08,794,595
2018-08-09,-4816,-3570
2018-08-10,2458,1808
2018-08-13,1843,1343
2018-08-14,564,407
2018-08-16,-3699,-2657
2018-08-17,2753,1991
2018-08-20,-1046,-758
2018-08-21,4289,3106
2018-08-22,-939,-685
2018-08-23,-3942,-2897
2018-08-24,1470,1082
2018-08-27,-1483,-1095
2018-08-28,1463,1087
2018-08-29,1300,965
2018-08-30,1189,886
2018-08-31,1004,729
2018-09-03,-2211,-1644
2018-09-04,2579,1923
2018-09-05,2299,1687
2018-09-06,407,302
2018-09-07,2420,1772
2018-09-10,4083,2984
2018-09-11,-1718,-1255
2018-09-12,1151,820
2018-09-13,2657,1950
2018-09-14,4470,3325
2018-09-17,-7107,-5258
2018-09-18,8649,6389
2018-09-19,-4994,-3703
2018-09-20,6125,4593
2018-09-21,-17,-15
2018-09-27,10908,8242
2018-09-28,-1090,-829
2018-10-01,-5100,-3836
2018-10-02,-6574,-4918
2018-10-04,-12699,-9356
2018-10-05,-2454,-1788
2018-10-08,993,720
2018-10-10,-7132,-5171
2018-10-11,12932,8966
2018-10-12,-1746,-1231
2018-10-15,2410,1673
2018-10-16,-3465,-2418
2018-10-17,2583,1825
2018-10-18,480,331
2018-10-19,-1159,-833
2018-10-22,-1448,-1002
2018-10-23,3100,2048
2018-10-24,4775,3267
2018-10-25,11914,7933
2018-10-26,3296,2150
2018-10-29,5813,3810
2018-10-30,-7044,-4637
2018-10-31,-8375,-5517
2018-11-01,-6878,-4580
2018-11-02,-11288,-7669
2018-11-05,1074,717
2018-11-06,-2345,-1597
2018-11-07,204,132
2018-11-08,2707,1877
2018-11-09,2129,1450
2018-11-12,6332,4285
2018-11-13,1609,1067
2018-11-14,2416,1628
2018-11-15,-4311,-2925
2018-11-16,258,175
2018-11-19,-2640,-1790
2018-11-20,8172,5521
2018-11-21,1847,1234
2018-11-22,-152,-104
2018-11-23,1276,840
2018-11-26,2740,1822
2018-11-27,-1732,-1168
2018-11-28,-2114,-1447
2018-11-29,-5327,-3703
2018-11-30,-3794,-2604
2018-12-03,4872,3364
2018-12-04,583,374
2018-12-05,4472,3020
2018-12-06,-1638,-1127
2018-12-07,4054,2716
2018-12-10,3844,2550
2018-12-11,-3435,-2250
2018-12-12,-1662,-1057
2018-12-13,33,50
2018-12-14,-3691,-2457
2018-12-17,1916,1266
2018-12-18,5776,3796
2018-12-19,4089,2696
2018-12-20,5613,3683
2018-12-21,-710,-466
2018-12-24,632,410
2018-12-26,6265,4033
2018-12-27,-5701,-3728
2018-12-28,190,128
2019-01-02,-11028,-7217
2019-01-03,-1105,-722
2019-01-04,-3039,-1959
2019-01-07,-4448,-2897
2019-01-08,-434,-294
2019-01-09,8426,5544
2019-01-10,-1358,-899
2019-01-11,-913,-605
2019-01-14,-5522,-3683
2019-01-15,4463,2979
2019-01-16,890,604
2019-01-17,3939,2687
2019-01-18,-1559,-1068
2019-01-21,-1740,-1194
2019-01-22,2400,1640
2019-01-23,10779,7377
2019-01-24,-5082,-3505
2019-01-25,2460,1720
2019-01-28,-3531,-2488
2019-01-29,-2101,-1489
2019-01-30,1993,1420
2019-01-31,-4069,-2947
2019-02-01,-5378,-3857
2019-02-07,-752,-535
2019-02-08,4333,3064
2019-02-11,260,186
2019-02-12,-1267,-899
2019-02-13,-2628,-1875
2019-02-14,4287,3057
2019-02-15,3043,2153
2019-02-18,-1454,-1036
2019-02-19,-1168,-832
2019-02-20,-4587,-3293
2019-02-21,-3570,-2562
2019-02-22,2811,2020
2019-02-25,-5836,-4227
2019-02-26,1142,821
2019-02-27,-703,-506
2019-02-28,1230,874
2019-03-04,-157,-104
2019-03-05,751,524
2019-03-06,232,163
2019-03-07,2467,1730
2019-03-08,-1235,-854
2019-03-11,-646,-432
2019-03-12,-355,-247
2019-03-13,-3733,-2551
2019-03-14,1030,729
2019-03-15,8871,6194
2019-03-18,-873,-612
2019-03-19,-852,-595
2019-03-20,-1821,-1258
2019-03-21,-2015,-1408
2019-03-22,-1183,-831
2019-03-25,-2471,-1723
2019-03-26,-2370,-1649
2019-03-27,211,161
2019-03-28,-1405,-961
2019-03-29,-4055,-2804
2019-04-01,7045,4952
2019-04-02,3310,2339
2019-04-03,5949,4209
2019-04-04,6852,4919
2019-04-05,2084,1498
2019-04-08,960,684
2019-04-09,1732,1242
2019-04-10,4793,3440
2019-04-11,-10515,-7587
2019-04-12,-1163,-836
2019-04-15,-960,-694
2019-04-16,2377,1727
2019-04-17,1925,1404
2019-04-18,-4073,-2960
2019-04-19,-3321,-2385
2019-04-22,2148,1544
2019-04-23,484,350
2019-04-24,-9825,-7009
2019-04-25,-1013,-717
2019-04-26,-3180,-2233
2019-04-29,5914,4204
2019-04-30,-8783,-6266
2019-05-02,1556,1106
2019-05-03,-12366,-8804
2019-05-07,813,576
2019-05-08,1519,1052
2019-05-09,-7204,-5064
2019-05-10,4372,2968
2019-05-13,2364,1583
2019-05-14,2683,1788
2019-05-15,-1074,-721
2019-05-16,288,168
2019-05-17,-2500,-1683
2019-05-20,899,597
2019-05-21,1626,1094
2019-05-22,1708,1144
2019-05-23,37,33
2019-05-24,-2481,-1640
2019-05-27,41,31
2019-05-28,-4814,-3189
2019-05-29,-2706,-1762
2019-05-30,5773,3795
2019-05-31,-2203,-1435
2019-06-03,2875,1886
2019-06-04,-4596,-3073
2019-06-05,-6114,-4113
2019-06-07,1394,961
2019-06-10,3894,2638
2019-06-11,680,466
2019-06-12,152,92
2019-06-13,4408,2989
2019-06-14,2846,1921
2019-06-17,1523,1037
2019-06-18,6520,4421
2019-06-19,-1946,-1333
2019-06-20,-1130,-777
2019-06-21,208,142
2019-06-24,224,158
2019-06-25,395,269
2019-06-26,5515,3798
2019-06-27,6588,4589
2019-06-28,-2243,-1563
2019-07-01,-9846,-6858
2019-07-02,2571,1791
2019-07-03,-6352,-4361
2019-07-04,12061,8276
2019-07-05,1211,836
2019-07-08,-7843,-5317
2019-07-09,4091,2759
2019-07-10,569,387
2019-07-11,9774,6662
2019-07-12,2742,1878
2019-07-15,2518,1727
2019-07-16,-1477,-1004
2019-07-17,-7809,-5305
2019-07-18,4554,3091
2019-07-19,6387,4390
2019-07-22,662,459
2019-07-23,7402,5125
2019-07-24,-7422,-5100
2019-07-25,-6299,-4299
2019-07-26,-807,-549
2019-07-29,-4136,-2780
2019-07-30,6479,4367
2019-07-31,-2114,-1389
2019-08-01,5642,3764
2019-08-02,-5186,-3412
2019-08-05,-2267,-1475
2019-08-06,12156,7696
2019-08-07,-3951,-2500
2019-08-08,-1472,-924
2019-08-09,1,3
2019-08-12,1092,699
2019-08-13,2845,1808
2019-08-14,-210,-130
2019-08-16,3823,2419
2019-08-19,1517,964
2019-08-20,-762,-503
2019-08-21,51,34
2019-08-22,2223,1416
2019-08-23,6201,3973
2019-08-26,17028,10737
2019-08-27,-1812,-1149
2019-08-28,-2700,-1715
2019-08-29,-3821,-2430
2019-08-30,4755,3068
2019-09-02,-3357,-2174
2019-09-03,99,70
2019-09-04,-1407,-933
2019-09-05,-2915,-1927
2019-09-06,-2376,-1573
2019-09-09,-2702,-1810
2019-09-10,4925,3308
2019-09-11,2569,1744
2019-09-16,1603,1089
2019-09-17,1506,1025
2019-09-18,2054,1403
2019-09-19,-2530,-1734
2019-09-20,5521,3805
2019-09-23,2810,1940
2019-09-24,6286,4356
2019-09-25,4766,3286
2019-09-26,-3028,-2079
2019-09-27,-6635,-4515
2019-09-30,7699,5261
2019-10-01,-2725,-1868
2019-10-02,-11810,-8033
2019-10-04,6077,4081
2019-10-07,-1882,-1261
2019-10-08,849,561
2019-10-10,3053,2088
2019-10-11,-7276,-4951
2019-10-14,-2288,-1569
2019-10-15,769,528
2019-10-16,2667,1847
2019-10-17,2609,1807
2019-10-18,3514,2395
2019-10-21,3077,2106
2019-10-22,10311,7152
2019-10-23,-6781,-4691
2019-10-24,-2379,-1644
2019-10-25,65,44
2019-10-28,-1534,-1073
2019-10-29,-2786,-1941
2019-10-30,-5205,-3594
2019-10-31,8819,6127
2019-11-01,3869,2682
2019-11-04,6835,4815
2019-11-05,-2766,-1962
2019-11-06,890,639
2019-11-07,1850,1315
2019-11-08,-2220,-1591
2019-11-11,2114,1505
2019-11-12,3703,2604
2019-11-13,-1768,-1237
2019-11-14,-4879,-3463
2019-11-15,4752,3406
2019-11-18,-4866,-3493
2019-11-19,-3580,-2539
2019-11-20,-4069,-2884
2019-11-21,-1740,-1210
2019-11-22,4179,2919
2019-11-25,3910,2764
2019-11-26,-2002,-1414
2019-11-27,3502,2479
2019-11-28,1688,1193
2019-11-29,-10825,-7535
2019-12-02,6466,4472
2019-12-03,-528,-365
2019-12-04,-3590,-2452
2019-12-05,-3406,-2313
2019-12-06,3047,2088
2019-12-09,1683,1092
2019-12-10,8348,5799
2019-12-11,5401,3753
2019-12-12,23117,16225
2019-12-13,4886,3504
2019-12-16,5072,3649
2019-12-17,7234,5256
2019-12-18,-328,-240
2019-12-19,3400,2475
2019-12-20,2054,1505
2019-12-23,159,118
2019-12-24,-477,-347
2019-12-26,-2953,-2149
2019-12-27,7165,5267
2019-12-30,-2690,-1991
2020-01-02,-5927,-4324
2020-01-03,-1585,-1147
2020-01-06,-1305,-941
2020-01-07,1772,1294
2020-01-08,-3011,-2180
2020-01-09,-2291,-1680
2020-01-10,-3260,-2414
2020-01-13,74,57
2020-01-14,3330,2518
2020-01-15,1575,1184
2020-01-16,2556,1929
2020-01-17,-3839,-2928
2020-01-20,3008,2310
2020-01-21,-841,-636
2020-01-22,932,681
2020-01-23,-4479,-3396
2020-01-28,-7371,-5436
2020-01-29,5151,3792
2020-01-30,417,280
2020-01-31,5000,3562
2020-02-03,-10533,-7485
2020-02-04,-224,-170
2020-02-05,-11973,-8788
2020-02-06,1278,867
2020-02-07,-8882,-6622
2020-02-10,3174,2328
2020-02-11,2271,1720
2020-02-12,-5780,-4346
2020-02-13,-2549,-1945
2020-02-14,2834,2142
2020-02-17,239,176
2020-02-18,-6785,-5087
2020-02-19,4978,3713
2020-02-20,-7978,-5944
2020-02-21,5730,4194
2020-02-24,1026,687
2020-02-25,-3202,-2306
2020-02-26,6108,4266
2020-02-27,4947,3439
2020-02-28,-1170,-821
2020-03-02,-7663,-5185
2020-03-03,405,270
2020-03-04,-1080,-766
2020-03-05,-7399,-5201
2020-03-06,593,397
2020-03-09,8185,5385
2020-03-10,-4871,-3222
2020-03-11,-4639,-3062
2020-03-12,77,2
2020-03-13,10701,6132
2020-03-16,3323,1734
2020-03-17,-3171,-1847
2020-03-18,18015,9536
2020-03-19,13638,6525
2020-03-20,-9517,-5369
2020-03-23,15770,7858
2020-03-24,-17043,-9298
2020-03-25,-5784,-3474
2020-03-26,11225,6434
2020-03-27,-650,-460
2020-03-30,1753,987
2020-03-31,1129,648
2020-04-01,16438,9357
2020-04-02,3434,1868
2020-04-03,6668,3845
2020-04-06,-9585,-5772
2020-04-07,-2818,-1725
2020-04-08,5881,3555
2020-04-09,2535,1524
2020-04-10,3411,2081
2020-04-13,7097,4278
2020-04-14,637,380
2020-04-16,5234,3216
2020-04-17,-7339,-4671
2020-04-20,2614,1633
2020-04-21,3884,2404
2020-04-22,-4198,-2625
2020-04-23,-36,-43
2020-04-24,4047,2524
2020-04-27,6900,4323
2020-04-28,1940,1227
2020-04-29,-1159,-751
2020-05-04,1062,633
2020-05-06,-4109,-2619
2020-05-07,2071,1310
2020-05-08,-6408,-4115
2020-05-11,5905,3785
2020-05-12,-1731,-1086
2020-05-13,-282,-235
2020-05-14,-5206,-3284
2020-05-15,3685,2337
2020-05-18,1629,1043
2020-05-19,-6393,-4172
2020-05-20,433,277
2020-05-21,1842,1218
2020-05-22,-306,-226
2020-05-25,56,18
2020-05-26,-1327,-913
2020-05-27,4700,3133
2020-05-28,-83,-58
2020-05-29,4011,2671
2020-06-01,-682,-483
2020-06-02,-330,-220
2020-06-03,-1337,-1068
2020-06-04,1891,1360
2020-06-05,2890,2056
2020-06-08,-2753,-2046
2020-06-09,7100,5182
2020-06-10,3555,2588
2020-06-11,4504,3239
2020-06-12,6025,4184
2020-06-15,13970,9325
2020-06-16,-10274,-7272
2020-06-17,636,441
2020-06-18,2957,2074
2020-06-19,-3873,-2726
2020-06-22,5738,4028
2020-06-23,-6,12
2020-06-24,391,277
2020-06-25,-7564,-5339
2020-06-26,2851,2011
2020-06-29,359,253
2020-06-30,-714,-502
2020-07-01,-758,-527
2020-07-02,4456,3129
2020-07-03,1533,1085
2020-07-06,156,98
2020-07-07,-2479,-1837
2020-07-08,677,486
2020-07-09,3751,2707
2020-07-10,2670,1894
2020-07-13,1117,799
2020-07-14,143,102
2020-07-15,-4489,-3284
2020-07-16,1045,749
2020-07-17,1091,792
2020-07-20,1345,981
2020-07-21,3376,2495
2020-07-22,216,160
2020-07-23,-6955,-5077
2020-07-24,3716,2713
2020-07-27,2823,2074
2020-07-28,729,556
2020-07-29,2036,1541
2020-07-30,-898,-679
2020-07-31,-2582,-1946
2020-08-03,-3243,-2418
2020-08-04,1830,1391
2020-08-05,6857,5212
2020-08-06,931,732
2020-08-07,-1416,-1101
2020-08-10,1926,1499
2020-08-11,1240,991
2020-08-12,1354,1085
2020-08-13,-3582,-2877
2020-08-14,4206,3354
2020-08-18,964,742
2020-08-19,113,97
2020-08-20,-2413,-1955
2020-08-21,8414,6447
2020-08-24,-1744,-1350
2020-08-25,-5012,-3905
2020-08-26,1578,1248
2020-08-27,3903,3044
2020-08-28,-2204,-1722
2020-08-31,-5399,-4270
2020-09-01,6637,5131
2020-09-02,-4049,-3154
2020-09-03,4887,3870
2020-09-04,9125,7081
2020-09-07,-366,-303
2020-09-08,-2875,-2278
2020-09-09,1658,1264
2020-09-10,2244,1778
2020-09-11,3290,2583
2020-09-14,-1531,-1220
2020-09-15,4033,3240
2020-09-16,1734,1398
2020-09-17,-2262,-1815
2020-09-18,-448,-354
2020-09-21,-763,-613
2020-09-22,-10036,-7855
2020-09-23,1686,1286
2020-09-24,-3294,-2512
2020-09-25,3579,2716
2020-09-28,-1457,-1114
2020-09-29,-4074,-3147
2020-10-05,2241,1749
2020-10-06,-3043,-2399
2020-10-07,7192,5634
2020-10-08,-1250,-999
2020-10-12,-1519,-1225
2020-10-13,525,408
2020-10-14,-644,-515
2020-10-15,2688,2113
2020-10-16,4055,3162
2020-10-19,527,413
2020-10-20,1882,1476
2020-10-21,1125,886
2020-10-22,226,189
2020-10-23,1480,1176
2020-10-26,492,397
2020-10-27,-2683,-2083
2020-10-28,2845,2211
2020-10-29,-7920,-6080
2020-10-30,-4732,-3658
2020-11-02,1693,1281
2020-11-03,4391,3392
2020-11-04,21,46
2020-11-05,10056,7991
2020-11-06,7541,6075
2020-11-09,438,362
2020-11-10,2217,1813
2020-11-11,4071,3340
2020-11-12,6258,5166
2020-11-13,2676,2195
2020-11-16,-267,-239
2020-11-17,3839,3275
2020-11-18,938,799
2020-11-19,1430,1215
2020-11-20,1492,1264
2020-11-23,1758,1493
2020-11-24,-4042,-3529
2020-11-25,3360,2930
2020-11-26,1770,1525
2020-11-27,1926,1700
2020-11-30,-6956,-6085
2020-12-01,1753,1533
2020-12-02,-3075,-2745
2020-12-03,-134,-136
2020-12-04,-2502,-2335
2020-12-07,-605,-681
2020-12-08,1147,793
2020-12-09,-3459,-3446
2020-12-10,-3462,-3158
2020-12-11,1805,1654
2020-12-14,760,687
2020-12-15,3678,3348
2020-12-16,-2292,-2104
2020-12-17,47,60
2020-12-18,2571,2357
2020-12-21,829,771
2020-12-22,1341,1194
2020-12-23,3499,3175
2020-12-24,491,440
2020-12-28,-6164,-5785
2020-12-29,-3917,-3731
2020-12-30,-3687,-3613
2021-01-04,-5522,-5538
2021-01-05,-8926,-8956
2021-01-06,-2423,-2477
2021-01-07,-3621,-3687
2021-01-08,-5929,-6418
2021-01-11,-5264,-5757
2021-01-12,-443,-522
2021-01-13,-704,-752
2021-01-14,8068,8658
2021-01-15,3488,3612
2021-01-18,5142,5316
2021-01-19,-3786,-3964
2021-01-20,-4865,-5155
2021-01-21,-4389,-4695
2021-01-22,5121,5482
2021-01-25,-1184,-1317
2021-01-26,-3231,-3500
2021-01-27,2510,2642
2021-01-28,5389,5583
2021-01-29,1973,1973
2021-02-01,-5329,-5521
2021-02-02,-3149,-3334
2021-02-03,-5096,-5426
2021-02-04,-4846,-5017
2021-02-05,-126,-136
2021-02-08,559,590
2021-02-09,2821,2956
2021-02-10,5685,5949
2021-02-15,-3768,-4023
2021-02-16,-1212,-1303
2021-02-17,-2730,-2885
2021-02-18,-934,-985
2021-02-19,1128,1148
2021-02-22,-2630,-2789
2021-02-23,1119,1157
2021-02-24,-1040,-1108
2021-02-25,3087,3153
2021-02-26,-5979,-6119
2021-03-02,-1859,-1929
2021-03-03,5257,5470
2021-03-04,-2517,-2599
2021-03-05,554,563
2021-03-08,-2833,-2912
2021-03-09,-4858,-4905
2021-03-10,-534,-521
2021-03-11,-3475,-3615
2021-03-12,3518,3659
2021-03-15,-3495,-3621
2021-03-16,2019,2099
2021-03-17,-7232,-7462
2021-03-18,3460,3617
2021-03-19,-1909,-1957
2021-03-22,1257,1302
2021-03-23,-5542,-5717
2021-03-24,-796,-798
2021-03-25,-1517,-1527
2021-03-26,1774,1828
2021-03-29,3373,3483
2021-03-30,5590,5820
2021-03-31,-3156,-3289
2021-04-01,321,339
2021-04-02,-44,-43
2021-04-05,-2602,-2745
2021-04-06,-2082,-2201
2021-04-07,-1005,-1062
2021-04-08,-1125,-1185
2021-04-09,-399,-420
2021-04-12,-1824,-1923
2021-04-13,8271,8840
2021-04-14,3527,3792
2021-04-15,-638,-673
2021-04-16,-2196,-2359
2021-04-19,2224,2412
2021-04-20,4086,4426
2021-04-21,-10043,-10791
2021-04-22,1120,1199
2021-04-23,5786,6160
2021-04-26,1580,1693
2021-04-27,1414,1531
2021-04-28,-9140,-9791
2021-04-29,2732,2941
2021-04-30,-2334,-2455
2021-05-03,443,494
2021-05-04,3505,3681
2021-05-06,1487,1582
2021-05-07,6246,6686
2021-05-10,7373,8025
2021-05-11,-9285,-9967
2021-05-12,-11908,-12564
2021-05-13,6467,6752
2021-05-14,1441,1503
2021-05-17,-3682,-3847
2021-05-18,2488,2619
2021-05-20,221,245
2021-05-21,-6299,-6646
2021-05-24,1404,1483
2021-05-25,5826,6156
2021-05-26,-2312,-2449
2021-05-27,284,313
2021-05-28,7274,7757
2021-05-31,-1284,-1359
2021-06-01,5854,6316
2021-06-02,1478,1604
2021-06-03,9818,10649
2021-06-04,-3409,-3661
2021-06-07,-1048,-1146
2021-06-08,1373,1467
2021-06-09,-718,-766
2021-06-10,7331,7848
2021-06-11,564,608
2021-06-14,-3128,-3371
2021-06-15,2629,2849
2021-06-16,6499,7084
2021-06-17,-5546,-6003
2021-06-18,-1304,-1393
2021-06-21,-6298,-6754
2021-06-22,2310,2504
2021-06-23,6447,7027
2021-06-24,5016,5485
2021-06-25,1294,1431
2021-06-28,-2623,-2878
2021-06-29,-8578,-9381
2021-06-30,3304,3628
2021-07-01,-10542,-11512
2021-07-02,1742,1903
2021-07-05,4979,5453
2021-07-06,449,499
2021-07-07,-10127,-11040
2021-07-08,-10640,-11559
2021-07-09,-2931,-3071
2021-07-12,7686,8265
2021-07-13,6646,7212
2021-07-14,-2342,-2534
2021-07-15,3701,4028
2021-07-16,-6727,-7284
2021-07-19,-4234,-4546
2021-07-20,-1160,-1238
2021-07-21,-7680,-8218
2021-07-22,18256,19627
2021-07-23,448,485
2021-07-26,-8588,-9248
2021-07-27,7912,8508
2021-07-28,2562,2757
2021-07-29,1275,1382
2021-07-30,-12929,-13746
2021-08-02,9356,9960
2021-08-03,14321,15346
2021-08-04,12699,13788
2021-08-05,-1119,-1218
2021-08-06,-10429,-11310
2021-08-09,-3340,-3596
2021-08-10,-15982,-17158
2021-08-11,-6477,-6889
2021-08-12,2248,2385
2021-08-13,-7967,-8328
2021-08-17,1446,1478
2021-08-18,2555,2641
2021-08-19,-807,-848
2021-08-20,4103,4150
2021-08-23,1940,1978
2021-08-24,3421,3502
2021-08-25,-308,-306
2021-08-26,-828,-847
2021-08-27,3561,3635
2021-08-30,-545,-575
2021-08-31,1989,2035
2021-09-01,-4195,-4389
2021-09-02,-483,-467
2021-09-03,341,362
2021-09-06,697,730
2021-09-07,-1526,-1581
2021-09-08,2156,2248
2021-09-09,-1292,-1324
2021-09-10,2305,2344
2021-09-13,5848,5968
2021-09-14,6188,6396
2021-09-15,564,581
2021-09-16,-9707,-9979
2021-09-17,1144,1173
2021-09-23,-784,-787
2021-09-24,-3413,-3490
2021-09-27,2714,2791
2021-09-28,-11368,-11576
2021-09-29,-330,-295
2021-09-30,883,885
2021-10-01,-3198,-3162
2021-10-05,2365,2342
2021-10-06,-2916,-2833
2021-10-07,-662,-645
2021-10-08,2913,2830
2021-10-12,642,604
2021-10-13,6091,5821
2021-10-14,1134,1097
2021-10-15,1516,1500
2021-10-18,1368,1347
2021-10-19,-442,-433
2021-10-20,-447,-454
2021-10-21,2799,2763
2021-10-22,3160,3108
2021-10-25,478,465
2021-10-26,-3819,-3798
2021-10-27,-7927,-7855
2021-10-28,3867,3826
2021-10-29,-3230,-3182
2021-11-01,10130,9909
2021-11-02,7661,7576
2021-11-03,-9784,-9607
2021-11-04,8115,8013
2021-11-05,-3209,-3138
2021-11-08,2514,2445
2021-11-09,5022,4916
2021-11-10,-4990,-4820
2021-11-11,2476,2370
2021-11-12,4283,4173
2021-11-15,1883,1853
2021-11-16,581,574
2021-11-17,-12457,-12196
2021-11-18,3084,3000
2021-11-19,1720,1670
2021-11-22,9930,9832
2021-11-23,-4207,-4183
2021-11-24,-3355,-3319
2021-11-25,-4931,-4844
2021-11-26,-2619,-2551
2021-11-29,5293,5046
2021-11-30,-1527,-1529
2021-12-01,5335,4959
2021-12-02,1672,1559
2021-12-03,3049,2986
2021-12-06,4168,3946
2021-12-07,-258,-489
2021-12-08,5892,5784
2021-12-09,6186,6093
2021-12-10,5122,5036
2021-12-13,743,730
2021-12-14,-2669,-2619
2021-12-15,-1818,-1774
2021-12-16,-2015,-1975
2021-12-17,4743,4655
2021-12-20,-6576,-6417
2021-12-21,2175,2121
2021-12-22,-119,-120
2021-12-23,4109,4038
2021-12-24,6858,6808
2021-12-27,-4373,-4323
2021-12-28,-907,-887
2021-12-29,-1384,-1361
2021-12-30,-7727,-7629
2022-01-03,2566,2574
2022-01-04,-7169,-7057
2022-01-05,-10219,-9969
2022-01-06,410,413
2022-01-07,6702,6535
2022-01-10,-6868,-6632
2022-01-11,163,173
2022-01-12,12908,12668
2022-01-13,-7826,-7707
2022-01-14,-9800,-9479
2022-01-17,-6810,-6516
2022-01-18,-5583,-5340
2022-01-19,100,119
2022-01-20,-1888,-1797
2022-01-21,1748,1668
2022-01-24,-8501,-7890
2022-01-25,-8677,-7875
2022-01-26,222,209
2022-01-27,-714,-614
2022-01-28,1247,896
2022-02-03,-2326,-2092
2022-02-04,280,251
2022-02-07,-4120,-3726
2022-02-08,5292,4818
2022-02-09,3911,3571
2022-02-10,6668,6190
2022-02-11,2851,2635
2022-02-14,2705,2477
2022-02-15,-4312,-3905
2022-02-16,4621,4194
2022-02-17,3082,2870
2022-02-18,-2360,-2181
2022-02-21,3536,3239
2022-02-22,-2594,-2358
2022-02-23,-3388,-3088
2022-02-24,1006,859
2022-02-25,-633,-559
2022-02-28,450,396
2022-03-02,-1111,-999
2022-03-03,558,499
2022-03-04,-2981,-2712
2022-03-07,-1046,-923
2022-03-08,-961,-857
2022-03-10,-5851,-5241
2022-03-11,-2874,-2552
2022-03-14,2216,1966
2022-03-15,-2608,-2308
2022-03-16,-1429,-1292
2022-03-17,-975,-931
2022-03-18,2672,2412
2022-03-21,-3055,-2772
2022-03-22,4685,4217
2022-03-23,406,374
2022-03-24,-2405,-2172
2022-03-25,-2218,-2005
2022-03-28,6791,6135
2022-03-29,-1837,-1660
2022-03-30,3183,2909
2022-03-31,6248,5719
2022-04-01,-5585,-5058
2022-04-04,1134,1032
2022-04-05,-3886,-3538
2022-04-06,-7168,-6485
2022-04-07,-10623,-9499
2022-04-08,786,700
2022-04-11,3881,3459
2022-04-12,-3921,-3451
2022-04-13,6006,5308
2022-04-14,-3158,-2817
2022-04-15,-10367,-9159
2022-04-18,4339,3826
2022-04-19,2403,2156
2022-04-20,408,372
2022-04-21,5000,4499
2022-04-22,-12205,-10815
2022-04-25,-3518,-3077
2022-04-26,1793,1586
2022-04-27,259,217
2022-04-28,2399,2096
2022-04-29,7458,6562
2022-05-02,62,54
2022-05-03,-6617,-5852
2022-05-04,-3867,-3418
2022-05-06,-4114,-3590
2022-05-09,-3967,-3424
2022-05-10,-9560,-8110
2022-05-11,-1843,-1570
2022-05-12,2647,2253
2022-05-13,11200,9584
2022-05-16,-5518,-4775
2022-05-17,1231,1055
2022-05-18,-2739,-2365
2022-05-19,878,728
2022-05-20,10840,9396
2022-05-23,-4231,-3700
2022-05-24,-1479,-1299
2022-05-25,1293,1129
2022-05-26,-4197,-3616
2022-05-27,2345,2031
2022-05-30,3597,3166
2022-05-31,2257,2008
2022-06-02,-5348,-4706
2022-06-03,2402,2110
2022-06-07,-14610,-12698
2022-06-08,5941,5145
2022-06-09,-2759,-2365
2022-06-10,-3667,-3130
2022-06-13,-6953,-5815
2022-06-14,-2686,-2186
2022-06-15,-1424,-1173
2022-06-16,7959,6530
2022-06-17,2545,1992
2022-06-20,-673,-591
2022-06-21,1880,1472
2022-06-22,-787,-713
2022-06-23,9718,7491
2022-06-24,3068,2351
2022-06-27,-2263,-1817
2022-06-28,1934,1534
2022-06-29,-944,-756
2022-06-30,367,258
2022-07-01,3517,2695
2022-07-04,2741,2094
2022-07-05,-4634,-3572
2022-07-06,-2243,-1747
2022-07-07,4437,3398
2022-07-08,-66,-43
2022-07-11,1522,1173
2022-07-12,-2726,-2081
2022-07-13,1074,826
2022-07-14,295,228
2022-07-15,-2729,-2052
2022-07-18,-1506,-1211
2022-07-19,-5569,-4358
2022-07-20,-5742,-4559
2022-07-21,4393,3494
2022-07-22,1570,1258
2022-07-25,6181,4935
2022-07-26,3610,2880
2022-07-27,-7277,-5798
2022-07-28,-1328,-1059
2022-07-29,191,157
2022-08-01,4835,3915
2022-08-02,-3514,-2832
2022-08-03,6512,5254
2022-08-04,-6742,-5475
2022-08-05,2125,1734
2022-08-08,-1250,-1019
2022-08-09,5918,4848
2022-08-10,-8306,-6779
2022-08-11,7780,6367
2022-08-12,5038,4163
2022-08-16,-589,-483
2022-08-17,-5506,-4553
2022-08-18,5295,4355
2022-08-19,-1208,-979
2022-08-22,2409,1941
2022-08-23,-2187,-1768
2022-08-24,-50,-43
2022-08-25,1857,1468
2022-08-26,-1188,-970
2022-08-29,1567,1187
2022-08-30,117,70
2022-08-31,-4665,-3746
2022-09-01,-8965,-7094
2022-09-02,-7659,-6009
2022-09-05,2699,2119
2022-09-06,-2983,-2363
2022-09-07,-7777,-6010
2022-09-08,3284,2543
2022-09-13,14807,11719
2022-09-14,6659,5181
2022-09-15,-7394,-5778
2022-09-16,1374,1054
2022-09-19,-4434,-3413
2022-09-20,-563,-428
2022-09-21,-2059,-1575
2022-09-22,969,743
2022-09-23,-5352,-4012
2022-09-26,11386,8299
2022-09-27,-351,-258
2022-09-28,7040,4941
2022-09-29,7949,5667
2022-09-30,3355,2382
2022-10-04,-1797,-1295
2022-10-05,-17953,-13068
2022-10-06,-1072,-776
2022-10-07,3359,2435
2022-10-11,3708,2656
2022-10-12,-2074,-1486
2022-10-13,-16495,-11791
2022-10-14,4016,2855
2022-10-17,2397,1716
2022-10-18,-5727,-4201
2022-10-19,-1926,-1428
2022-10-20,11,18
2022-10-21,6249,4520
2022-10-24,-2194,-1605
2022-10-25,-684,-483
2022-10-26,10131,7441
2022-10-27,2601,1922
2022-10-28,-1881,-1413
2022-10-31,1122,834
2022-11-01,-710,-540
2022-11-02,1274,978
2022-11-03,-841,-629
2022-11-04,2847,2143
2022-11-07,-1847,-1438
2022-11-08,-2089,-1624
2022-11-09,2759,2165
2022-11-10,5571,4359
2022-11-11,-5091,-4241
2022-11-14,-2225,-1816
2022-11-15,-1311,-1055
2022-11-16,-1160,-917
2022-11-17,5194,4133
2022-11-18,691,552
2022-11-21,-377,-293
2022-11-22,-1219,-951
2022-11-23,5240,4110
2022-11-24,1486,1170
2022-11-25,-5159,-4089
2022-11-28,7444,5833
2022-11-29,2708,2097
2022-11-30,3760,2976
2022-12-01,-10680,-8617
2022-12-02,-3403,-2757
2022-12-05,3145,2498
2022-12-06,127,178
2022-12-07,309,162
2022-12-08,2092,1545
2022-12-09,-2849,-2205
2022-12-12,-2,3
2022-12-13,-7008,-5390
2022-12-14,930,714
2022-12-15,-397,-321
2022-12-16,7377,5610
2022-12-19,-621,-468
2022-12-20,563,435
2022-12-21,-4807,-3641
2022-12-22,6144,4640
2022-12-23,1360,1015
2022-12-26,5705,4275
2022-12-27,6014,4536
2022-12-28,-5728,-4270
2022-12-29,-6327,-4666
2023-01-02,2460,1800
2023-01-03,-5860,-4235
2023-01-04,1676,1180
2023-01-05,-113,-96
2023-01-06,834,621
2023-01-09,-3123,-2454
2023-01-10,-1216,-949
2023-01-11,2773,2163
2023-01-12,-820,-630
2023-01-13,178,136
2023-01-16,3326,2637
2023-01-17,1391,1091
2023-01-18,-3465,-2695
2023-01-19,7201,5641
2023-01-20,-587,-462
2023-01-25,-1113,-911
2023-01-26,555,451
2023-01-27,2499,2056
2023-01-30,-55,-72
2023-01-31,2499,1991
2023-02-01,1431,1133
2023-02-02,-5996,-4872
2023-02-03,4358,3548
2023-02-06,-84,-85
2023-02-07,1661,1329
2023-02-08,831,698
2023-02-09,-6283,-5108
2023-02-10,777,628
2023-02-13,-1340,-1064
2023-02-14,-1282,-1034
2023-02-15,-7237,-5839
2023-02-16,11557,9281
2023-02-17,1002,811
2023-02-20,-1130,-909
2023-02-21,-3025,-2424
2023-02-22,-4587,-3646
2023-02-23,5539,4427
2023-02-24,-2352,-1871
2023-02-27,-2107,-1656
2023-02-28,6915,5472
2023-03-02,-3423,-2693
2023-03-03,-2128,-1671
2023-03-06,1507,1217
2023-03-07,-2482,-2053
2023-03-08,-4441,-3514
2023-03-09,2316,1828
2023-03-10,-353,-266
2023-03-13,-3131,-2444
2023-03-14,-18332,-14210
2023-03-15,7058,5485
2023-03-16,2329,1805
2023-03-17,1227,964
2023-03-20,-3086,-2412
2023-03-21,1704,1313
2023-03-22,3933,3086
2023-03-23,301,226
2023-03-24,-9990,-7849
2023-03-27,-2736,-2143
2023-03-28,8469,6692
2023-03-29,-3766,-2978
2023-03-30,9674,7759
2023-03-31,9068,7325
2023-04-03,-13255,-10685
2023-04-04,8179,6615
2023-04-05,7526,6108
2023-04-06,-24074,-19402
2023-04-07,10959,8877
2023-04-10,4211,3465
2023-04-11,5575,4605
2023-04-12,9996,8333
2023-04-13,-12,-21
2023-04-14,-1638,-1366
2023-04-17,480,406
2023-04-18,-4279,-3565
2023-04-19,6381,5351
2023-04-20,690,578
2023-04-21,-834,-683
2023-04-24,1247,1035
2023-04-25,-9382,-7712
2023-04-26,-2492,-2016
2023-04-27,-5771,-4656
2023-04-28,-6776,-5530
2023-05-02,12098,9947
2023-05-03,-12003,-9828
2023-05-04,-1399,-1131
2023-05-08,11377,9396
2023-05-09,-6373,-5240
2023-05-10,-3840,-3151
2023-05-11,-1891,-1553
2023-05-12,-890,-715
2023-05-15,6902,5587
2023-05-16,-2466,-2015
2023-05-17,5619,4595
2023-05-18,-1683,-1378
2023-05-19,4696,3920
2023-05-22,1110,948
2023-05-23,-41,-25
2023-05-24,877,732
2023-05-25,-7365,-6208
2023-05-26,2215,1866
2023-05-30,3679,3130
2023-05-31,-4722,-4031
2023-06-01,-1570,-1326
2023-06-02,5789,4917
2023-06-05,2456,2129
2023-06-07,5358,4674
2023-06-08,8290,7151
2023-06-09,2922,2534
2023-06-12,-8647,-7511
2023-06-13,-159,-139
2023-06-14,4180,3628
2023-06-15,3293,2869
2023-06-16,3595,3110
2023-06-19,-2811,-2425
2023-06-20,-690,-587
2023-06-21,-10325,-8838
2023-06-22,8006,6841
2023-06-23,-9363,-7986
2023-06-26,9252,7895
2023-06-27,-9861,-8395
2023-06-28,-15572,-13256
2023-06-29,3846,3297
2023-06-30,4817,4104
2023-07-03,10102,8674
2023-07-04,-10611,-9145
2023-07-05,-13175,-11264
2023-07-06,-1915,-1622
2023-07-07,-15102,-12614
2023-07-10,6559,5488
2023-07-11,5505,4609
2023-07-12,569,478
2023-07-13,15070,12946
2023-07-14,12616,10949
2023-07-17,1642,1430
2023-07-18,-9929,-8592
2023-07-19,-6568,-5658
2023-07-20,2475,2128
2023-07-21,-380,-309
2023-07-24,-596,-500
2023-07-25,-3012,-2601
2023-07-26,-4048,-3461
2023-07-27,7660,6587
2023-07-28,-4571,-3922
2023-07-31,134,112
2023-08-01,20522,17985
2023-08-02,-26347,-22952
2023-08-03,-16509,-14175
2023-08-04,-5160,-4420
2023-08-07,3349,2869
2023-08-08,-1407,-1187
2023-08-09,6745,5756
2023-08-10,-7420,-6317
2023-08-11,3884,3319
2023-08-14,-2433,-2050
2023-08-16,-9194,-7646
2023-08-17,-5100,-4170
2023-08-18,-816,-675
2023-08-21,2974,2453
2023-08-22,1369,1137
2023-08-23,-2524,-2076
2023-08-24,3879,3228
2023-08-25,286,229
2023-08-28,-1166,-959
2023-08-29,3512,2929
2023-08-30,2260,1900
2023-08-31,2484,2078
2023-09-01,5702,4799
2023-09-04,2592,2194
2023-09-05,-729,-619
2023-09-06,-2070,-1746
2023-09-07,73,77
2023-09-08,-281,-186
2023-09-11,1134,984
2023-09-12,-3703,-3176
2023-09-13,5213,4341
2023-09-14,12406,10499
2023-09-15,18196,15770
2023-09-18,-10960,-9412
2023-09-19,-10346,-8829
2023-09-20,-4259,-3612
2023-09-21,-13648,-11459
2023-09-22,-1505,-1247
2023-09-25,4020,3343
2023-09-26,-13079,-10800
2023-09-27,-2934,-2415
2023-10-04,-6802,-5504
2023-10-05,-5299,-4252
2023-10-06,775,620
2023-10-10,4366,3545
2023-10-11,7664,6272
2023-10-12,8532,7035
2023-10-13,-2358,-1940
2023-10-16,-2394,-1949
2023-10-17,-224,-185
2023-10-18,1984,1638
2023-10-19,-8710,-7106
2023-10-20,-1923,-1509
2023-10-23,-264,-205
2023-10-24,-7434,-5917
2023-10-25,1236,980
2023-10-26,-1240,-933
2023-10-27,-378,-281
2023-10-30,4972,3843
2023-10-31,-4099,-3132
2023-11-01,2818,2186
2023-11-02,-3278,-2579
2023-11-03,2264,1795
2023-11-06,7427,5919
2023-11-07,-1948,-1678
2023-11-08,1178,953
2023-11-09,4299,3502
2023-11-10,2970,2407
2023-11-13,-749,-601
2023-11-14,903,742
2023-11-15,6037,4999
2023-11-16,7394,6189
2023-11-17,56,56
2023-11-20,7644,6384
2023-11-21,-726,-607
2023-11-22,7620,6397
2023-11-23,-1227,-1032
2023-11-24,-5731,-4819
2023-11-27,4514,3786
2023-11-28,7511,6305
2023-11-29,-3558,-2988
2023-11-30,1454,1215
2023-12-01,-4240,-3561
2023-12-04,1832,1543
2023-12-05,-1915,-1592
2023-12-06,3099,2603
2023-12-07,1743,1459
2023-12-08,8117,6815
2023-12-11,-1113,-946
2023-12-12,11517,9777
2023-12-13,-3801,-3210
2023-12-14,4066,3459
2023-12-15,1923,1655
2023-12-18,3618,3116
2023-12-19,5989,5153
2023-12-20,18251,15940
2023-12-21,-4057,-3550
2023-12-22,2816,2475
2023-12-26,4226,3715
2023-12-27,4397,3894
2023-12-28,-2807,-2542
2024-01-02,341,308
2024-01-03,-16516,-14738
2024-01-04,-3347,-2923
2024-01-05,-1761,-1541
2024-01-08,-2264,-1979
2024-01-09,-4473,-3907
2024-01-10,-5519,-4735
2024-01-11,-7165,-6152
2024-01-12,-2658,-2271
2024-01-15,-217,-186
2024-01-16,-6158,-5189
2024-01-17,-12449,-10341
2024-01-18,168,130
2024-01-19,-4384,-3656
2024-01-22,-4265,-3577
2024-01-23,3680,3082
2024-01-24,-80,-74
2024-01-25,2580,2150
2024-01-26,-539,-472
2024-01-29,7015,5940
2024-01-30,-4248,-3601
2024-01-31,4743,3990
2024-02-01,6701,5677
2024-02-02,15853,13794
2024-02-05,-8474,-7400
2024-02-06,-3297,-2860
2024-02-07,12863,11356
2024-02-08,6376,5643
2024-02-13,10600,9498
2024-02-14,-3035,-2662
2024-02-15,612,531
2024-02-16,6765,5984
2024-02-19,9862,8859
2024-02-20,-7433,-6621
2024-02-21,3324,2963
2024-02-22,-1492,-1329
2024-02-23,1722,1565
2024-02-26,2621,2344
2024-02-27,2391,2115
2024-02-28,5332,4744
2024-02-29,-6125,-5444
2024-03-04,-2898,-2573
2024-03-05,-5259,-4726
2024-03-06,1563,1410
2024-03-07,3353,3014
2024-03-08,3833,3501
2024-03-11,-1590,-1388
2024-03-12,5660,5212
2024-03-13,-2427,-2188
2024-03-14,4790,4387
2024-03-15,-11262,-10231
2024-03-18,-65,-68
2024-03-19,-5189,-4648
2024-03-20,12151,11033
2024-03-21,16164,15032
2024-03-22,-858,-807
2024-03-25,-3770,-3513
2024-03-26,3616,3427
2024-03-27,1992,1873
2024-03-28,1829,1726
2024-03-29,1276,1210
2024-04-01,-949,-901
2024-04-02,5128,4851
2024-04-03,-13092,-12227
2024-04-04,4022,3786
2024-04-05,-6795,-6351
2024-04-08,1642,1548
2024-04-09,-2689,-2510
2024-04-11,-3113,-2826
2024-04-12,-13469,-12468
2024-04-15,-4756,-4339
2024-04-16,-12661,-11396
2024-04-17,-3979,-3562
2024-04-18,5520,4920
2024-04-19,-16996,-15017
2024-04-22,3183,2839
2024-04-23,-3608,-3228
2024-04-24,5364,4891
2024-04-25,-6673,-6017
2024-04-26,4666,4236
2024-04-29,6331,5779
2024-04-30,5607,5157
2024-05-02,-5845,-5345
2024-05-03,-5950,-5471
2024-05-07,25222,23447
2024-05-08,8359,7828
2024-05-09,-6453,-6032
2024-05-10,1734,1627
2024-05-13,-111,-88
2024-05-14,1267,1186
2024-05-16,1412,1334
2024-05-17,-4010,-3724
2024-05-20,7938,7443
2024-05-21,-2950,-2749
2024-05-22,-348,-313
2024-05-23,-2848,-2633
2024-05-24,-11266,-10332
2024-05-27,5554,5107
2024-05-28,1158,1080
2024-05-29,-16334,-15056
2024-05-30,-6049,-5490
2024-05-31,6419,5805
2024-06-03,8820,8053
2024-06-04,-8304,-7571
2024-06-05,1897,1771
2024-06-07,5727,5330
2024-06-10,-12091,-11057
2024-06-11,-469,-315
2024-06-12,5892,5394
2024-06-13,7786,7439
2024-06-14,1484,1410
2024-06-17,-5082,-4785
2024-06-18,8191,7774
2024-06-19,14615,14022
2024-06-20,1833,1786
2024-06-21,-1038,-995
2024-06-24,-6917,-6594
2024-06-25,2915,2779
2024-06-26,-1942,-1844
2024-06-27,-4015,-3815
2024-06-28,-667,-638
2024-07-01,1927,1878
2024-07-02,-8102,-7777
2024-07-03,1615,1573
2024-07-04,18478,17964
2024-07-05,9708,9571
2024-07-08,3225,3209
2024-07-09,6718,6686
2024-07-10,-1298,-1284
2024-07-11,-1801,-1770
2024-07-12,643,693
2024-07-15,-503,-501
2024-07-16,859,847
2024-07-17,523,505
2024-07-18,-7474,-7248
2024-07-19,-10895,-10504
2024-07-22,-2207,-2109
2024-07-23,-2709,-2604
2024-07-24,1440,1381
2024-07-25,-9667,-9033
2024-07-26,-59,-44
2024-07-29,-2371,-2240
2024-07-30,-5543,-5214
2024-07-31,1597,1462
2024-08-01,-3031,-2903
2024-08-02,-20325,-18922
2024-08-05,12118,9440
2024-08-06,-2493,-2151
2024-08-07,-2698,-2519
2024-08-08,-5861,-5065
2024-08-09,-3135,-2717
2024-08-12,-1094,-962
2024-08-13,2957,2640
2024-08-14,-3017,-2723
2024-08-16,2933,2678
2024-08-19,7060,6486
2024-08-20,3923,3622
2024-08-21,3559,3276
2024-08-22,436,398
2024-08-23,3367,3096
2024-08-26,35,33
2024-08-27,1579,1449
2024-08-28,2060,1866
2024-08-29,-1247,-1153
2024-08-30,-989,-902
2024-09-02,-79,-32
2024-09-03,-2085,-1892
2024-09-04,-1542,-1346
2024-09-05,2445,2131
2024-09-06,283,242
2024-09-09,-355,-351
2024-09-10,-4963,-4188
2024-09-11,-2427,-1985
2024-09-12,-2055,-1792
2024-09-13,-590,-504
2024-09-19,3598,3132
2024-09-20,1881,1664
2024-09-23,1159,1008
2024-09-24,1728,1503
2024-09-25,1398,1238
2024-09-26,10758,9461
2024-09-27,-4703,-4210
2024-09-30,-523,-507
2024-10-02,-2736,-2356
2024-10-04,-3640,-3121
2024-10-07,3004,2589
2024-10-08,-4364,-3777
2024-10-10,1721,1498
2024-10-11,958,837
2024-10-14,4327,3802
2024-10-15,-304,-265
2024-10-16,-3113,-2727
2024-10-17,-514,-450
2024-10-18,585,506
2024-10-21,2054,1797
2024-10-22,-2512,-2166
2024-10-23,5545,4803
2024-10-24,-5124,-4433
2024-10-25,2759,2393
2024-10-28,1730,1501
2024-10-29,-194,-158
2024-10-30,-8724,-7572
2024-10-31,442,377
2024-11-01,2191,1866
2024-11-04,4433,3774
2024-11-05,-2553,-2175
2024-11-06,-7101,-6055
2024-11-07,901,792
2024-11-08,-3087,-2636
2024-11-11,-2294,-1933
2024-11-12,-3763,-3130
2024-11-13,3534,2825
2024-11-14,2465,1959
2024-11-15,-2326,-1870
2024-11-18,2238,1819
2024-11-19,490,398
2024-11-20,-971,-792
2024-11-21,-2305,-1903
2024-11-22,4097,3417
2024-11-25,2256,1898
2024-11-26,-4180,-3502
2024-11-27,-890,-743
2024-11-28,60,37
2024-11-29,1943,1567
2024-12-02,4514,3687
2024-12-03,6128,5038
2024-12-04,-2753,-2201
2024-12-05,-73,-83
2024-12-06,4053,3279
2024-12-09,2624,2042
2024-12-10,6952,5514
2024-12-11,-1501,-1218
2024-12-12,5608,4591
2024-12-13,-980,-802
2024-12-16,-862,-711
2024-12-17,736,599
2024-12-18,4141,3389
2024-12-19,-4074,-3331
2024-12-20,-3558,-2816
2024-12-23,1386,1135
2024-12-24,-413,-331
2024-12-26,-2876,-2318
2024-12-27,3106,2482
2024-12-30,-2065,-1664
2025-01-02,-6322,-5021
2025-01-03,8938,7205
2025-01-06,-496,-414
2025-01-07,165,113
2025-01-08,-2127,-1763
2025-01-09,-2698,-2254
2025-01-10,-1700,-1421
2025-01-13,-5238,-4351
2025-01-14,-2823,-2328
2025-01-15,-4250,-3531
2025-01-16,1809,1491
2025-01-17,-1626,-1355
2025-01-20,-1237,-1035
2025-01-21,-121,-87
2025-01-22,4123,3472
2025-01-23,-6512,-5453
2025-01-24,4147,3484
2025-01-31,-4819,-3978
2025-02-03,-5560,-4492
2025-02-04,5149,4266
2025-02-05,7097,5873
2025-02-06,-219,-180
2025-02-07,-4348,-3615
2025-02-10,227,184
2025-02-11,6685,5603
2025-02-12,-532,-435
2025-02-13,8562,7245
2025-02-14,5881,5027
2025-02-17,1397,1199
2025-02-18,4895,4226
2025-02-19,10678,9382
2025-02-20,-7204,-6342
2025-02-21,-3594,-3146
2025-02-24,-1736,-1504
2025-02-25,-2151,-1859
2025-02-26,-598,-522
2025-02-27,-7366,-6381
2025-02-28,-19743,-16634
2025-03-04,-4576,-3821
2025-03-05,-1842,-1537
2025-03-06,-1920,-1642
2025-03-07,-1014,-856
2025-03-10,1371,1149
2025-03-11,-7454,-6213
2025-03-12,1749,1518
2025-03-13,-996,-839
2025-03-14,1263,1063
2025-03-17,7513,6466
2025-03-18,1564,1363
2025-03-19,6065,5328
2025-03-20,6553,5782
2025-03-21,4711,4156
2025-03-24,-3813,-3379
2025-03-25,2190,1939
2025-03-26,6836,6055
2025-03-27,-4525,-3993
2025-03-28,-9169,-7901
2025-03-31,-11576,-9719
2025-04-01,-307,-274
2025-04-02,-10806,-9145
2025-04-03,-4560,-3767
2025-04-04,-8574,-7045
2025-04-07,-9795,-7882
2025-04-08,-7840,-6132
2025-04-09,-5682,-4368
2025-04-10,9535,7458
2025-04-11,-5871,-4725
2025-04-14,-2567,-2082
2025-04-15,5284,4330
2025-04-16,-698,-568
2025-04-17,-14,-20
2025-04-18,3968,3244
2025-04-21,-228,-189
2025-04-22,1531,1256
2025-04-23,3291,2736
2025-04-24,-2153,-1788
2025-04-25,5358,4513
2025-04-28,3910,3305
2025-04-29,6570,5567
2025-04-30,2721,2297
2025-05-02,-386,-318
2025-05-07,-3447,-2940
2025-05-08,-78,-64
2025-05-09,1004,862
2025-05-12,2172,1869
2025-05-13,325,282
2025-05-14,7237,6350
2025-05-15,-1604,-1420
2025-05-16,2853,2501
2025-05-19,1605,1402
2025-05-20,1172,1016
2025-05-21,4147,3635
2025-05-22,-5947,-5154
2025-05-23,4803,4150
2025-05-26,-1521,-1352
2025-05-27,559,493
2025-05-28,4128,3688
2025-05-29,-212,-187
2025-05-30,-3096,-2787
2025-06-02,-4608,-4162
2025-06-04,5340,4900
2025-06-05,-1022,-930
2025-06-09,-4037,-3843
2025-06-10,-839,-763
2025-06-11,-806,-812
2025-06-12,1424,1398
2025-06-13,2403,2319
2025-06-16,-679,-678
2025-06-17,-1863,-1858
2025-06-18,-1378,-1381
2025-06-19,-2534,-2526
2025-06-20,1948,1956
2025-06-23,-9098,-9119
2025-06-24,-1442,-1556
2025-06-25,-7380,-7740
2025-06-26,-2235,-2298
2025-06-27,1754,1827
2025-06-30,3775,3940
2025-07-01,1286,1373
2025-07-02,-2928,-3021
2025-07-03,3148,3314
2025-07-04,-4291,-4551
2025-07-07,5070,5215
2025-07-08,6275,6552
2025-07-09,-2662,-2805
2025-07-10,769,834
2025-07-11,-1436,-1526
2025-07-14,-1312,-1404
2025-07-15,-7264,-7823
2025-07-16,-6732,-7283
2025-07-17,-29,-21
2025-07-18,2895,3127
2025-07-21,1885,2036
2025-07-22,-5925,-6391
2025-07-23,3516,3765
2025-07-24,-2088,-2221
2025-07-25,5316,5725
2025-07-28,-1070,-1151
2025-07-29,9699,10548
2025-07-30,3913,4315
2025-07-31,-8062,-8876
2025-08-01,-4073,-4448
2025-08-04,3559,3759
2025-08-05,988,1068
2025-08-06,1782,1912
2025-08-07,990,1073
2025-08-08,81,82
2025-08-11,-1762,-1914
2025-08-12,4338,4742
2025-08-13,4206,4581
2025-08-14,-4484,-4884
2025-08-18,-1464,-1582
2025-08-19,501,547
2025-08-20,-281,-279
2025-08-21,2816,3007
2025-08-22,2883,3097
2025-08-25,1631,1752
2025-08-26,-3834,-4123
2025-08-27,-1363,-1463
2025-08-28,4469,4821
2025-08-29,-3136,-3374
2025-09-01,-3664,-3920
2025-09-02,7622,8128
2025-09-03,-940,-1011
2025-09-04,-4909,-5292
2025-09-05,2864,3109
2025-09-08,-3571,-3848
2025-09-09,4327,4741
2025-09-10,2942,3311
2025-09-11,2929,3314
2025-09-12,1934,2218
2025-09-15,-1103,-1280
2025-09-16,3831,4496
2025-09-17,-8370,-9826
2025-09-18,293,367
2025-09-19,-3751,-4452
2025-09-22,1699,2044
2025-09-23,511,623
2025-09-24,-1852,-2217
2025-09-25,4492,5395
2025-09-26,-2904,-3460
2025-09-29,9595,11397
2025-09-30,797,951
2025-10-01,2034,2450
2025-10-02,-1621,-2049
2025-10-10,-8704,-11012
2025-10-13,-8364,-10413
2025-10-14,-3595,-4575
2025-10-15,5902,7429
2025-10-16,-1233,-1611
2025-10-17,-1445,-1884
2025-10-20,-1354,-1780
2025-10-21,-3679,-4959
2025-10-22,-3059,-4123
2025-10-23,-249,-270
2025-10-24,7065,9689
2025-10-27,-9669,-13590
2025-10-28,-11555,-16219
2025-10-29,-770,-1122
2025-10-30,-1208,-1689
2025-10-31,-649,-907
2025-11-03,-3405,-5151
2025-11-04,-12997,-19367
2025-11-05,311,533
2025-11-06,5416,7741
2025-11-07,1176,1676
2025-11-10,4681,6679
2025-11-11,-2361,-3436
2025-11-12,2515,3676
2025-11-13,-1772,-2565
2025-11-14,-4474,-6473
2025-11-17,1228,1703
2025-11-18,-2558,-3640
2025-11-19,2683,3725
2025-11-20,3474,4966
2025-11-21,620,841
2025-11-24,9526,13030
2025-11-25,42,17
2025-11-26,2340,3168
2025-11-27,-2879,-4040
2025-11-28,-2023,-2834
2025-12-01,5878,8144
2025-12-02,4705,6603
2025-12-03,4039,5800
2025-12-04,-3356,-4732
2025-12-05,5828,8396
2025-12-08,-2553,-3724
2025-12-09,-1920,-2811
2025-12-10,-40,-74
2025-12-11,2529,3682
2025-12-12,6873,10071
2025-12-15,-4861,-7030
2025-12-16,-2215,-3158
2025-12-17,1074,1525
2025-12-18,-2106,-2971
2025-12-19,1601,2313
2025-12-22,6390,9281
2025-12-23,2014,2960
2025-12-24,1303,1917
2025-12-26,4796,7088
2025-12-29,5138,7671
2025-12-30,2097,3193
2026-01-02,-4512,-7096
2026-01-05,-6059,-9762
2026-01-06,-4453,-7299
2026-01-07,-5234,-8749
2026-01-08,5092,8539
2026-01-09,1792,2997
2026-01-12,-539,-910
2026-01-13,1893,3212
2026-01-14,-471,-785
2026-01-15,-1781,-3082
2026-01-16,-4549,-7981
2026-01-19,935,1680
2026-01-20,-1041,-1810
2026-01-21,5411,9547
2026-01-22,-3286,-5942
2026-01-23,546,1044
2026-01-26,-4830,-8750
2026-01-27,3178,5636
2026-01-28,-8334,-15765
2026-01-29,-5790,-10991
