date,individual_net_contracts,individual_net_amount
2010-01-04,578,649
2010-01-05,-805,-902
2010-01-06,-1359,-1530
2010-01-07,329,368
2010-01-08,-1036,-1159
2010-01-11,334,380
2010-01-12,705,786
2010-01-13,2194,2409
2010-01-14,-1700,-1866
2010-01-15,119,157
2010-01-18,-1717,-1937
2010-01-19,371,434
2010-01-20,815,910
2010-01-21,-1887,-2141
2010-01-22,10195,11270
2010-01-25,-4733,-5178
2010-01-26,-1229,-1359
2010-01-27,402,472
2010-01-28,-1038,-1097
2010-01-29,833,894
2010-02-01,709,779
2010-02-02,-1675,-1759
2010-02-03,-459,-462
2010-02-04,95,115
2010-02-05,-1858,-1905
2010-02-08,-667,-679
2010-02-09,331,327
2010-02-10,-400,-411
2010-02-11,1876,1934
2010-02-12,70,84
2010-02-16,-2021,-2123
2010-02-17,-644,-681
2010-02-18,776,826
2010-02-19,1367,1402
2010-02-22,1257,1346
2010-02-23,-17,-2
2010-02-24,535,569
2010-02-25,-1723,-1863
2010-02-26,189,205
2010-03-02,-2560,-2702
2010-03-03,1289,1369
2010-03-04,-255,-263
2010-03-05,197,214
2010-03-08,1888,2054
2010-03-09,-1510,-1642
2010-03-10,-170,-178
2010-03-11,-1610,-1726
2010-03-12,-599,-648
2010-03-15,2790,2992
2010-03-16,538,590
2010-03-17,-400,-428
2010-03-18,109,129
2010-03-19,-41,-34
2010-03-22,27,23
2010-03-23,-196,-211
2010-03-24,-32,-50
2010-03-25,1792,2000
2010-03-26,-2784,-3075
2010-03-29,446,491
2010-03-30,43,53
2010-03-31,-2213,-2465
2010-04-01,565,614
2010-04-02,-1442,-1627
2010-04-05,-106,-120
2010-04-06,125,143
2010-04-07,-565,-642
2010-04-08,2783,3169
2010-04-09,3327,3768
2010-04-12,386,412
2010-04-13,-2394,-2696
2010-04-14,-1419,-1599
2010-04-15,1447,1668
2010-04-16,1048,1171
2010-04-19,1551,1748
2010-04-20,-933,-1043
2010-04-21,-1232,-1418
2010-04-22,-1219,-1369
2010-04-23,-109,-113
2010-04-26,-149,-171
2010-04-27,-1076,-1223
2010-04-28,3505,3954
2010-04-29,-1422,-1596
2010-04-30,-1282,-1459
2010-05-03,1857,2117
2010-05-04,269,273
2010-05-06,435,480
2010-05-07,-5441,-5809
2010-05-10,-3393,-3722
2010-05-11,372,344
2010-05-12,3090,3371
2010-05-13,-2799,-3097
2010-05-14,662,740
2010-05-17,-1035,-1132
2010-05-18,2641,2837
2010-05-19,1101,1179
2010-05-20,1032,1102
2010-05-24,-1383,-1428
2010-05-25,1554,1538
2010-05-26,-1579,-1589
2010-05-27,-2181,-2288
2010-05-28,-1036,-1092
2010-05-31,1633,1750
2010-06-01,151,163
2010-06-03,839,913
2010-06-04,1679,1840
2010-06-07,-2733,-2887
2010-06-08,5198,5591
2010-06-09,-4644,-4985
2010-06-10,2652,2872
2010-06-11,-1725,-1880
2010-06-14,3820,4253
2010-06-15,-680,-749
2010-06-16,-831,-923
2010-06-17,1753,1969
2010-06-18,1912,2156
2010-06-21,1661,1913
2010-06-22,435,500
2010-06-23,2328,2648
2010-06-24,-1649,-1835
2010-06-25,1103,1264
2010-06-28,-2069,-2328
2010-06-29,938,1053
2010-06-30,350,390
2010-07-01,-749,-823
2010-07-02,1006,1123
2010-07-05,384,427
2010-07-06,561,678
2010-07-07,1008,1113
2010-07-08,-1872,-2054
2010-07-09,1793,2023
2010-07-12,1043,1185
2010-07-13,1688,1923
2010-07-14,1524,1762
2010-07-15,495,579
2010-07-16,737,831
2010-07-19,595,656
2010-07-20,-1131,-1250
2010-07-21,-675,-755
2010-07-22,378,451
2010-07-23,-402,-449
2010-07-26,362,424
2010-07-27,-901,-1043
2010-07-28,1564,1827
2010-07-29,590,692
2010-07-30,-326,-372
2010-08-02,-2428,-2824
2010-08-03,1055,1235
2010-08-04,834,981
2010-08-05,-583,-677
2010-08-06,2421,2834
2010-08-09,-1869,-2174
2010-08-10,700,810
2010-08-11,5019,5775
2010-08-12,-904,-1022
2010-08-13,-2222,-2506
2010-08-16,-2402,-2688
2010-08-17,-2794,-3151
2010-08-18,1083,1242
2010-08-19,-2213,-2556
2010-08-20,-59,-55
2010-08-23,2787,3259
2010-08-24,-117,-121
2010-08-25,1384,1564
2010-08-26,1072,1213
2010-08-27,-40,-35
2010-08-30,-3598,-4129
2010-08-31,2484,2827
2010-09-01,-125,-139
2010-09-02,2340,2705
2010-09-03,120,143
2010-09-06,-1295,-1506
2010-09-07,-1401,-1629
2010-09-08,-1156,-1335
2010-09-09,-5675,-6541
2010-09-10,-77,-85
2010-09-13,573,685
2010-09-14,1359,1618
2010-09-15,-681,-797
2010-09-16,353,412
2010-09-17,987,1178
2010-09-20,-3189,-3805
2010-09-24,-886,-1051
2010-09-27,-1830,-2208
2010-09-28,1219,1479
2010-09-29,-841,-1012
2010-09-30,384,468
2010-10-01,-1088,-1327
2010-10-04,1811,2228
2010-10-05,2284,2802
2010-10-06,-2074,-2567
2010-10-07,2396,2976
2010-10-08,977,1222
2010-10-11,-264,-329
2010-10-12,2186,2656
2010-10-13,364,447
2010-10-14,1359,1668
2010-10-15,390,486
2010-10-18,4242,5183
2010-10-19,2175,2603
2010-10-20,-872,-1053
2010-10-21,-1353,-1608
2010-10-22,-2757,-3395
2010-10-25,1189,1459
2010-10-26,-361,-448
2010-10-27,-423,-506
2010-10-28,12,27
2010-10-29,386,440
2010-11-01,-3981,-4928
2010-11-02,-668,-823
2010-11-03,-2856,-3573
2010-11-04,-398,-499
2010-11-05,2086,2660
2010-11-08,2008,2548
2010-11-09,-852,-1063
2010-11-10,-1626,-2064
2010-11-11,5407,6913
2010-11-12,-668,-845
2010-11-15,2783,3500
2010-11-16,1316,1647
2010-11-17,-2092,-2605
2010-11-18,-483,-616
2010-11-19,-1045,-1310
2010-11-22,1112,1429
2010-11-23,2351,2941
2010-11-24,-5845,-7371
2010-11-25,559,726
2010-11-26,3522,4388
2010-11-29,-486,-596
2010-11-30,-4606,-5752
2010-12-01,358,427
2010-12-02,-2232,-2846
2010-12-03,-1478,-1901
2010-12-06,928,1193
2010-12-07,-139,-174
2010-12-08,4013,5195
2010-12-09,4537,5920
2010-12-10,-1651,-2146
2010-12-13,248,338
2010-12-14,778,1019
2010-12-15,-19,-27
2010-12-16,172,225
2010-12-17,-2697,-3580
2010-12-20,393,528
2010-12-21,1065,1414
2010-12-22,-1855,-2487
2010-12-23,2508,3372
2010-12-24,452,602
2010-12-27,-205,-262
2010-12-28,-1863,-2511
2010-12-29,-3360,-4546
2010-12-30,88,115
2011-01-03,2973,4086
2011-01-04,2456,3393
2011-01-05,-1175,-1624
2011-01-06,3413,4721
2011-01-07,-3008,-4138
2011-01-10,-1415,-1950
2011-01-11,-1047,-1427
2011-01-12,2575,3565
2011-01-13,6284,8647
2011-01-14,-5984,-8271
2011-01-17,894,1246
2011-01-18,1388,1927
2011-01-19,-4048,-5631
2011-01-20,2051,2857
2011-01-21,3736,5104
2011-01-24,-3646,-4973
2011-01-25,-1859,-2583
2011-01-26,-3333,-4644
2011-01-27,949,1330
2011-01-28,180,255
2011-01-31,1208,1654
2011-02-01,1032,1418
2011-02-07,1712,2393
2011-02-08,824,1135
2011-02-09,1447,1958
2011-02-10,2709,3550
2011-02-11,-2594,-3449
2011-02-14,-2928,-3875
2011-02-15,1551,2083
2011-02-16,-1086,-1428
2011-02-17,-3132,-4081
2011-02-18,1133,1494
2011-02-21,1033,1381
2011-02-22,-672,-854
2011-02-23,-1145,-1471
2011-02-24,1435,1868
2011-02-25,1674,2191
2011-02-28,-12,-10
2011-03-02,-678,-839
2011-03-03,-811,-1063
2011-03-04,1057,1414
2011-03-07,534,729
2011-03-08,-9,-23
2011-03-09,-281,-335
2011-03-10,960,1245
2011-03-11,5144,6648
2011-03-14,-7883,-10186
2011-03-15,1612,2049
2011-03-16,-1045,-1339
2011-03-17,2660,3416
2011-03-18,-326,-424
2011-03-21,765,1026
2011-03-22,-3551,-4733
2011-03-23,2001,2679
2011-03-24,-2136,-2871
2011-03-25,-1043,-1415
2011-03-28,-142,-187
2011-03-29,1527,2097
2011-03-30,959,1365
2011-03-31,-196,-265
2011-04-01,3684,5178
2011-04-04,543,763
2011-04-05,61,108
2011-04-06,1738,2469
2011-04-07,1892,2679
2011-04-08,658,930
2011-04-11,-1769,-2481
2011-04-12,466,629
2011-04-13,-1428,-2042
2011-04-14,702,988
2011-04-15,-16,-13
2011-04-18,305,439
2011-04-19,-2086,-2939
2011-04-20,-6353,-9124
2011-04-21,5370,7831
2011-04-22,2678,3915
2011-04-25,798,1176
2011-04-26,-970,-1407
2011-04-27,463,675
2011-04-28,-4767,-6983
2011-04-29,-1415,-2061
2011-05-02,624,914
2011-05-03,3363,4931
2011-05-04,660,940
2011-05-06,1299,1857
2011-05-09,2792,3980
2011-05-11,-3159,-4495
2011-05-12,-442,-603
2011-05-13,-3009,-4189
2011-05-16,563,793
2011-05-17,5187,7180
2011-05-18,-6605,-9274
2011-05-19,199,299
2011-05-20,-680,-919
2011-05-23,3662,4991
2011-05-24,-820,-1107
2011-05-25,178,292
2011-05-26,1144,1543
2011-05-27,-1463,-2022
2011-05-30,-1524,-2094
2011-05-31,-689,-959
2011-06-01,-660,-929
2011-06-02,-1578,-2156
2011-06-03,3118,4372
2011-06-07,2879,3987
2011-06-08,-3411,-4686
2011-06-09,-5158,-7013
2011-06-10,2247,3058
2011-06-13,-2789,-3749
2011-06-14,-1170,-1569
2011-06-15,10,32
2011-06-16,2128,2913
2011-06-17,1111,1489
2011-06-20,-1641,-2206
2011-06-21,1143,1576
2011-06-22,-982,-1308
2011-06-23,805,1106
2011-06-24,994,1343
2011-06-27,288,414
2011-06-28,667,910
2011-06-29,465,663
2011-06-30,269,389
2011-07-01,-1894,-2650
2011-07-04,-516,-723
2011-07-05,-447,-623
2011-07-06,1338,1926
2011-07-07,-2214,-3162
2011-07-08,1413,2039
2011-07-11,1013,1429
2011-07-12,68,70
2011-07-13,0,14
2011-07-14,179,260
2011-07-15,562,797
2011-07-18,2393,3306
2011-07-19,-121,-157
2011-07-20,-2356,-3315
2011-07-21,2014,2828
2011-07-22,-2140,-3019
2011-07-25,2755,3861
2011-07-26,212,294
2011-07-27,-330,-478
2011-07-28,86,138
2011-07-29,5048,7044
2011-08-01,-4674,-6613
2011-08-02,1197,1637
2011-08-03,-1297,-1774
2011-08-04,-572,-787
2011-08-05,-3756,-4736
2011-08-08,-941,-1110
2011-08-09,733,839
2011-08-10,-5433,-6401
2011-08-11,7735,8977
2011-08-12,-4881,-5753
2011-08-16,-787,-939
2011-08-17,2403,2932
2011-08-18,-3238,-3812
2011-08-19,-7,-26
2011-08-22,-2031,-2239
2011-08-23,1638,1891
2011-08-24,-664,-765
2011-08-25,-1377,-1569
2011-08-26,60,67
2011-08-29,-2191,-2529
2011-08-30,907,1091
2011-08-31,-1511,-1797
2011-09-01,2370,2931
2011-09-02,-1263,-1485
2011-09-05,-1496,-1744
2011-09-06,-1560,-1726
2011-09-07,963,1111
2011-09-08,4360,5203
2011-09-09,1590,1904
2011-09-14,-3380,-3904
2011-09-15,-2804,-3173
2011-09-16,3061,3628
2011-09-19,-4118,-4860
2011-09-20,2456,2958
2011-09-21,-137,-163
2011-09-22,-39,-43
2011-09-23,2278,2541
2011-09-26,-938,-1061
2011-09-27,-689,-787
2011-09-28,1330,1537
2011-09-29,273,278
2011-09-30,-776,-850
2011-10-04,-1048,-1088
2011-10-05,1559,1705
2011-10-06,-955,-1051
2011-10-07,2319,2698
2011-10-10,1894,2212
2011-10-11,-1074,-1261
2011-10-12,-1062,-1245
2011-10-13,679,821
2011-10-14,-3109,-3699
2011-10-17,1272,1540
2011-10-18,-186,-211
2011-10-19,-874,-1034
2011-10-20,3054,3643
2011-10-21,-583,-687
2011-10-24,-1580,-1899
2011-10-25,1418,1771
2011-10-26,-568,-691
2011-10-27,1876,2367
2011-10-28,2205,2806
2011-10-31,-2646,-3323
2011-11-01,-1089,-1349
2011-11-02,1686,2097
2011-11-03,-1136,-1392
2011-11-04,50,55
2011-11-07,1492,1906
2011-11-08,917,1146
2011-11-09,-1035,-1305
2011-11-10,1443,1676
2011-11-11,-1191,-1440
2011-11-14,189,238
2011-11-15,-196,-239
2011-11-16,669,828
2011-11-17,-584,-675
2011-11-18,968,1173
2011-11-21,-881,-1016
2011-11-22,-1252,-1490
2011-11-23,1378,1580
2011-11-24,790,928
2011-11-25,1358,1573
2011-11-28,-864,-1003
2011-11-29,-2453,-2855
2011-11-30,-25,-22
2011-12-01,1644,2067
2011-12-02,2615,3291
2011-12-05,-1189,-1492
2011-12-06,-314,-401
2011-12-07,3290,4148
2011-12-08,-1927,-2363
2011-12-09,-881,-1066
2011-12-12,41,56
2011-12-13,2488,3038
2011-12-14,1102,1339
2011-12-15,-889,-1061
2011-12-16,-1188,-1402
2011-12-19,680,840
2011-12-20,5,7
2011-12-21,1945,2325
2011-12-22,37,55
2011-12-23,151,183
2011-12-26,1287,1561
2011-12-27,-1422,-1708
2011-12-28,-1079,-1287
2011-12-29,-570,-669
2012-01-02,-1637,-1946
2012-01-03,-124,-144
2012-01-04,1872,2308
2012-01-05,-219,-258
2012-01-06,1088,1344
2012-01-09,89,114
2012-01-10,720,879
2012-01-11,757,923
2012-01-12,-282,-343
2012-01-13,29,43
2012-01-16,842,1025
2012-01-17,-295,-358
2012-01-18,1650,2054
2012-01-19,-2488,-3134
2012-01-20,230,290
2012-01-25,1723,2251
2012-01-26,-1468,-1901
2012-01-27,192,255
2012-01-30,442,561
2012-01-31,443,591
2012-02-01,503,674
2012-02-02,486,639
2012-02-03,388,509
2012-02-06,2563,3352
2012-02-07,94,133
2012-02-08,-531,-701
2012-02-09,-145,-220
2012-02-10,2424,3185
2012-02-13,-143,-183
2012-02-14,-941,-1231
2012-02-15,994,1326
2012-02-16,321,422
2012-02-17,-372,-501
2012-02-20,2230,3012
2012-02-21,-926,-1230
2012-02-22,-56,-63
2012-02-23,172,234
2012-02-24,-741,-975
2012-02-27,623,830
2012-02-28,-4061,-5343
2012-02-29,-767,-1014
2012-03-02,-44,-50
2012-03-05,3670,4869
2012-03-06,3071,4035
2012-03-07,-499,-643
2012-03-08,-1904,-2470
2012-03-09,1062,1430
2012-03-12,85,113
2012-03-13,-605,-795
2012-03-14,678,944
2012-03-15,941,1285
2012-03-16,387,522
2012-03-19,-863,-1166
2012-03-20,270,375
2012-03-21,229,321
2012-03-22,464,632
2012-03-23,-1299,-1745
2012-03-26,635,860
2012-03-27,-1782,-2423
2012-03-28,-1280,-1739
2012-03-29,132,178
2012-03-30,3063,4109
2012-04-02,-2768,-3731
2012-04-03,-4883,-6667
2012-04-04,4057,5514
2012-04-05,738,1002
2012-04-06,1058,1440
2012-04-09,630,835
2012-04-10,-976,-1303
2012-04-12,933,1231
2012-04-13,-1737,-2326
2012-04-16,-740,-978
2012-04-17,401,533
2012-04-18,848,1134
2012-04-19,1256,1677
2012-04-20,1577,2077
2012-04-23,-1219,-1590
2012-04-24,2449,3214
2012-04-25,72,104
2012-04-26,-370,-489
2012-04-27,-2563,-3379
2012-04-30,602,799
2012-05-02,-2547,-3394
2012-05-03,-2418,-3223
2012-05-04,2052,2720
2012-05-07,-2388,-3106
2012-05-08,-1030,-1341
2012-05-09,2387,3101
2012-05-10,2221,2867
2012-05-11,1552,1977
2012-05-14,-1706,-2160
2012-05-15,1277,1617
2012-05-16,1465,1763
2012-05-17,-1247,-1520
2012-05-18,-3180,-3770
2012-05-21,1311,1569
2012-05-22,-1822,-2200
2012-05-23,-1440,-1716
2012-05-24,651,793
2012-05-25,-102,-113
2012-05-29,-1490,-1800
2012-05-30,581,711
2012-05-31,-1542,-1847
2012-06-01,500,618
2012-06-04,-2805,-3308
2012-06-05,1326,1579
2012-06-07,-1330,-1611
2012-06-08,334,413
2012-06-11,1209,1487
2012-06-12,114,155
2012-06-13,-2778,-3435
2012-06-14,5626,6937
2012-06-15,1520,1888
2012-06-18,848,1080
2012-06-19,-903,-1134
2012-06-20,1121,1436
2012-06-21,616,794
2012-06-22,6538,8095
2012-06-25,-1977,-2399
2012-06-26,1539,1845
2012-06-27,-1005,-1182
2012-06-28,175,220
2012-06-29,-1059,-1270
2012-07-02,69,87
2012-07-03,879,1097
2012-07-04,-169,-208
2012-07-05,-1120,-1387
2012-07-06,103,108
2012-07-09,-938,-1132
2012-07-10,2190,2652
2012-07-11,1632,1970
2012-07-12,290,329
2012-07-13,-2101,-2493
2012-07-16,-335,-388
2012-07-17,967,1212
2012-07-18,-1919,-2272
2012-07-19,1039,1249
2012-07-20,-364,-437
2012-07-23,-2151,-2513
2012-07-24,705,838
2012-07-25,159,204
2012-07-26,365,439
2012-07-27,482,570
2012-07-30,1112,1362
2012-07-31,-1670,-2070
2012-08-01,-616,-772
2012-08-02,1274,1598
2012-08-03,294,383
2012-08-06,1151,1445
2012-08-07,393,497
2012-08-08,-4489,-5700
2012-08-09,-888,-1157
2012-08-10,1880,2440
2012-08-13,416,540
2012-08-14,475,644
2012-08-16,916,1198
2012-08-17,1681,2195
2012-08-20,-675,-866
2012-08-21,3047,3975
2012-08-22,17,29
2012-08-23,-1349,-1728
2012-08-24,2228,2842
2012-08-27,2320,2966
2012-08-28,-749,-944
2012-08-29,190,233
2012-08-30,-1089,-1344
2012-08-31,629,787
2012-09-03,289,373
2012-09-04,1937,2432
2012-09-05,1630,1985
2012-09-06,-1838,-2265
2012-09-07,-3840,-4855
2012-09-10,4944,6295
2012-09-11,-919,-1153
2012-09-12,1373,1766
2012-09-13,-2349,-2995
2012-09-14,388,517
2012-09-17,2687,3577
2012-09-18,-904,-1199
2012-09-19,582,782
2012-09-20,417,550
2012-09-21,-142,-186
2012-09-24,-1397,-1838
2012-09-25,685,907
2012-09-26,9,12
2012-09-27,-2137,-2802
2012-09-28,-2761,-3647
2012-10-02,-358,-473
2012-10-04,3069,4037
2012-10-05,-157,-207
2012-10-08,1488,1954
2012-10-09,-972,-1278
2012-10-10,4626,5959
2012-10-11,-1039,-1336
2012-10-12,-180,-231
2012-10-15,-308,-390
2012-10-16,-831,-1057
2012-10-17,-395,-517
2012-10-18,-1305,-1688
2012-10-19,3644,4678
2012-10-22,-2055,-2572
2012-10-23,1181,1502
2012-10-24,879,1102
2012-10-25,260,329
2012-10-26,560,698
2012-10-29,169,205
2012-10-30,-1020,-1262
2012-10-31,-344,-431
2012-11-01,2285,2837
2012-11-02,-899,-1134
2012-11-05,1798,2248
2012-11-06,-4962,-6230
2012-11-07,608,760
2012-11-08,3843,4816
2012-11-09,-1760,-2155
2012-11-12,32,49
2012-11-13,-1046,-1289
2012-11-14,-20,-19
2012-11-15,1629,1994
2012-11-16,1387,1701
2012-11-19,-1661,-2032
2012-11-20,-1575,-1953
2012-11-21,2402,2984
2012-11-22,-1119,-1402
2012-11-23,-890,-1114
2012-11-26,1729,2172
2012-11-27,-898,-1136
2012-11-28,764,961
2012-11-29,-3011,-3834
2012-11-30,-2642,-3374
2012-12-03,744,952
2012-12-04,1857,2364
2012-12-05,-1949,-2495
2012-12-06,-1331,-1710
2012-12-07,-3123,-4047
2012-12-10,2367,3078
2012-12-11,-1183,-1537
2012-12-12,-1091,-1427
2012-12-13,2735,3613
2012-12-14,-571,-745
2012-12-17,1529,2024
2012-12-18,-183,-234
2012-12-20,700,927
2012-12-21,2232,2941
2012-12-24,-1490,-1959
2012-12-26,2091,2778
2012-12-27,-262,-343
2012-12-28,-1721,-2285
2013-01-02,-1332,-1800
2013-01-03,3026,4117
2013-01-04,1283,1722
2013-01-07,-2511,-3358
2013-01-08,6827,9109
2013-01-09,2173,2883
2013-01-10,102,138
2013-01-11,222,323
2013-01-14,-229,-300
2013-01-15,759,1017
2013-01-16,717,946
2013-01-17,-66,-78
2013-01-18,1833,2414
2013-01-21,-694,-909
2013-01-22,-991,-1296
2013-01-23,2305,3039
2013-01-24,1356,1769
2013-01-25,-740,-940
2013-01-28,1154,1479
2013-01-29,-2262,-2909
2013-01-30,-1186,-1524
2013-01-31,-689,-889
2013-02-01,2478,3206
2013-02-04,1038,1337
2013-02-05,961,1227
2013-02-06,-346,-443
2013-02-07,341,438
2013-02-08,-4112,-5268
2013-02-12,698,899
2013-02-13,-1805,-2369
2013-02-14,776,1020
2013-02-15,331,435
2013-02-18,-65,-82
2013-02-19,-488,-638
2013-02-20,-1285,-1718
2013-02-21,267,361
2013-02-22,1291,1735
2013-02-25,-104,-132
2013-02-26,-30,-36
2013-02-27,-638,-845
2013-02-28,284,384
2013-03-04,1403,1875
2013-03-05,913,1231
2013-03-06,294,400
2013-03-07,480,631
2013-03-08,-942,-1240
2013-03-11,-1420,-1876
2013-03-12,3548,4696
2013-03-13,629,826
2013-03-14,-1496,-1958
2013-03-15,3252,4292
2013-03-18,-1996,-2597
2013-03-19,840,1101
2013-03-20,-505,-654
2013-03-21,1356,1743
2013-03-22,117,152
2013-03-25,-4497,-5861
2013-03-26,-12,-13
2013-03-27,-945,-1245
2013-03-28,-1443,-1899
2013-03-29,1524,2037
2013-04-01,155,207
2013-04-02,900,1192
2013-04-03,63,82
2013-04-04,1503,1921
2013-04-05,-1502,-1906
2013-04-08,-350,-441
2013-04-09,1734,2209
2013-04-10,-1668,-2122
2013-04-11,1063,1364
2013-04-12,2971,3767
2013-04-15,-5455,-6850
2013-04-16,495,621
2013-04-17,1152,1452
2013-04-18,1895,2363
2013-04-19,-956,-1187
2013-04-22,-2517,-3147
2013-04-23,111,151
2013-04-24,291,367
2013-04-25,1757,2234
2013-04-26,798,1015
2013-04-29,617,781
2013-04-30,-735,-937
2013-05-02,1208,1543
2013-05-03,1455,1867
2013-05-06,4352,5608
2013-05-07,415,534
2013-05-08,110,142
2013-05-09,-4813,-6203
2013-05-10,4390,5595
2013-05-13,-3515,-4444
2013-05-14,726,934
2013-05-15,1696,2179
2013-05-16,71,90
2013-05-20,770,998
2013-05-21,1779,2314
2013-05-22,22,29
2013-05-23,-3095,-3986
2013-05-24,581,757
2013-05-27,-2163,-2789
2013-05-28,-809,-1046
2013-05-29,-2152,-2814
2013-05-30,-1796,-2345
2013-05-31,379,499
2013-06-03,-1192,-1555
2013-06-04,2873,3739
2013-06-05,4699,6061
2013-06-07,-3124,-3974
2013-06-10,-2865,-3601
2013-06-11,-2294,-2855
2013-06-12,1985,2484
2013-06-13,-2258,-2764
2013-06-14,1768,2180
2013-06-17,2623,3242
2013-06-18,9,28
2013-06-19,-69,-77
2013-06-20,274,347
2013-06-21,-893,-1040
2013-06-24,241,295
2013-06-25,-1311,-1531
2013-06-26,572,667
2013-06-27,-2017,-2405
2013-06-28,1390,1693
2013-07-01,-957,-1149
2013-07-02,-273,-324
2013-07-03,918,1128
2013-07-04,-826,-979
2013-07-05,2807,3377
2013-07-08,-585,-695
2013-07-09,1276,1523
2013-07-10,1898,2249
2013-07-11,-2635,-3166
2013-07-12,1416,1721
2013-07-15,-1137,-1368
2013-07-16,-392,-473
2013-07-17,-3034,-3698
2013-07-18,817,1000
2013-07-19,-281,-340
2013-07-22,2170,2655
2013-07-23,-469,-573
2013-07-24,416,516
2013-07-25,-1072,-1324
2013-07-26,-2270,-2817
2013-07-29,-544,-674
2013-07-30,-1911,-2378
2013-07-31,212,266
2013-08-01,175,210
2013-08-02,2410,3026
2013-08-05,2102,2621
2013-08-06,3257,4021
2013-08-07,43,42
2013-08-08,284,349
2013-08-09,-1787,-2174
2013-08-12,-1552,-1895
2013-08-13,-1255,-1557
2013-08-14,-1002,-1251
2013-08-16,550,686
2013-08-19,-482,-601
2013-08-20,1259,1555
2013-08-21,4554,5526
2013-08-22,-1474,-1765
2013-08-23,-507,-608
2013-08-26,-690,-843
2013-08-27,-3576,-4381
2013-08-28,-784,-966
2013-08-29,-3766,-4691
2013-08-30,1085,1362
2013-09-02,308,388
2013-09-03,-1070,-1352
2013-09-04,-373,-455
2013-09-05,-275,-344
2013-09-06,-2465,-3147
2013-09-09,5119,6606
2013-09-10,1575,2063
2013-09-11,3177,4159
2013-09-12,1903,2509
2013-09-13,53,76
2013-09-16,1327,1764
2013-09-17,134,176
2013-09-23,-815,-1068
2013-09-24,676,897
2013-09-25,2064,2720
2013-09-26,-3804,-5014
2013-09-27,433,571
2013-09-30,-1025,-1351
2013-10-01,-218,-285
2013-10-02,594,785
2013-10-04,1820,2397
2013-10-07,-1016,-1337
2013-10-08,-408,-550
2013-10-10,2242,2965
2013-10-11,-2531,-3374
2013-10-14,1460,1956
2013-10-15,2918,3946
2013-10-16,392,535
2013-10-17,-1614,-2192
2013-10-18,440,601
2013-10-21,1937,2644
2013-10-22,-241,-325
2013-10-23,2193,2979
2013-10-24,-471,-632
2013-10-25,-1037,-1391
2013-10-28,-1035,-1399
2013-10-29,-1450,-1959
2013-10-30,-901,-1218
2013-10-31,1630,2192
2013-11-01,-392,-528
2013-11-04,188,251
2013-11-05,1324,1760
2013-11-06,766,1021
2013-11-07,164,212
2013-11-08,-107,-142
2013-11-11,-1617,-2112
2013-11-12,-167,-214
2013-11-13,34,45
2013-11-14,1310,1710
2013-11-15,-1389,-1834
2013-11-18,672,890
2013-11-19,326,444
2013-11-20,-56,-63
2013-11-21,-644,-833
2013-11-22,540,718
2013-11-25,763,1022
2013-11-26,-1298,-1716
2013-11-27,-1425,-1896
2013-11-28,1306,1766
2013-11-29,-173,-230
2013-12-02,1524,2058
2013-12-03,653,869
2013-12-04,1674,2191
2013-12-05,-1042,-1348
2013-12-06,1142,1491
2013-12-09,-1728,-2278
2013-12-10,-503,-661
2013-12-11,-118,-144
2013-12-12,-1782,-2295
2013-12-13,-611,-778
2013-12-16,-1206,-1541
2013-12-17,-108,-137
2013-12-18,279,361
2013-12-19,-658,-867
2013-12-20,-1887,-2453
2013-12-23,-897,-1179
2013-12-24,-934,-1229
2013-12-26,-410,-540
2013-12-27,-2031,-2691
2013-12-30,435,582
2014-01-02,5366,6996
2014-01-03,1329,1706
2014-01-06,148,189
2014-01-07,222,287
2014-01-08,1336,1720
2014-01-09,-255,-324
2014-01-10,-1063,-1351
2014-01-13,-1236,-1573
2014-01-14,521,661
2014-01-15,170,218
2014-01-16,-415,-526
2014-01-17,988,1264
2014-01-20,-1203,-1526
2014-01-21,-1010,-1306
2014-01-22,275,354
2014-01-23,352,460
2014-01-24,133,171
2014-01-27,-2803,-3490
2014-01-28,-1109,-1390
2014-01-29,-1445,-1830
2014-02-03,2069,2596
2014-02-04,-1376,-1686
2014-02-05,694,860
2014-02-06,1691,2104
2014-02-07,-386,-478
2014-02-10,654,820
2014-02-11,-859,-1080
2014-02-12,-278,-348
2014-02-13,2301,2895
2014-02-14,-2816,-3563
2014-02-17,2443,3114
2014-02-18,-156,-190
2014-02-19,577,729
2014-02-20,394,499
2014-02-21,-1070,-1362
2014-02-24,-422,-532
2014-02-25,-1758,-2252
2014-02-26,-2347,-3015
2014-02-27,-69,-89
2014-02-28,-163,-211
2014-03-03,1050,1336
2014-03-04,2327,2972
2014-03-05,-2025,-2613
2014-03-06,130,168
2014-03-07,228,292
2014-03-10,3832,4873
2014-03-11,-1350,-1727
2014-03-12,2941,3720
2014-03-13,-1084,-1361
2014-03-14,-652,-817
2014-03-17,-1421,-1779
2014-03-18,-924,-1167
2014-03-19,1704,2165
2014-03-20,439,558
2014-03-21,-1328,-1667
2014-03-24,1716,2171
2014-03-25,498,631
2014-03-26,-2998,-3830
2014-03-27,243,310
2014-03-28,997,1288
2014-03-31,1358,1759
2014-04-01,-490,-631
2014-04-02,2025,2639
2014-04-03,-631,-825
2014-04-04,-1329,-1732
2014-04-07,315,413
2014-04-08,-1214,-1587
2014-04-09,1279,1680
2014-04-10,1111,1460
2014-04-11,567,742
2014-04-14,667,878
2014-04-15,261,343
2014-04-16,-534,-692
2014-04-17,2593,3379
2014-04-18,170,224
2014-04-21,503,662
2014-04-22,-943,-1228
2014-04-23,1695,2225
2014-04-24,-317,-417
2014-04-25,3296,4283
2014-04-28,-4060,-5235
2014-04-29,1318,1695
2014-04-30,966,1231
2014-05-02,353,453
2014-05-07,2653,3355
2014-05-08,-340,-433
2014-05-09,-950,-1205
2014-05-12,-3021,-3849
2014-05-13,-1510,-1953
2014-05-14,-2585,-3377
2014-05-15,2643,3477
2014-05-16,225,294
2014-05-19,-968,-1270
2014-05-20,1298,1707
2014-05-21,401,530
2014-05-22,1017,1347
2014-05-23,-1255,-1657
2014-05-26,1251,1647
2014-05-27,1540,2016
2014-05-28,-1505,-1958
2014-05-29,27,35
2014-05-30,-672,-876
2014-06-02,411,540
2014-06-03,-236,-307
2014-06-05,2526,3294
2014-06-09,-195,-263
2014-06-10,-2168,-2852
2014-06-11,2254,2965
2014-06-12,-229,-310
2014-06-13,4965,6461
2014-06-16,-4394,-5704
2014-06-17,-390,-507
2014-06-18,2506,3261
2014-06-19,802,1042
2014-06-20,3456,4452
2014-06-23,-3051,-3931
2014-06-24,-1663,-2161
2014-06-25,1373,1787
2014-06-26,-1903,-2480
2014-06-27,667,868
2014-06-30,1884,2460
2014-07-01,-494,-640
2014-07-02,-2278,-2994
2014-07-03,1411,1854
2014-07-04,1168,1531
2014-07-07,1642,2139
2014-07-08,-380,-494
2014-07-09,473,613
2014-07-10,-3007,-3910
2014-07-11,2404,3099
2014-07-14,285,366
2014-07-15,-4405,-5739
2014-07-16,-253,-328
2014-07-17,-1653,-2173
2014-07-18,610,796
2014-07-21,31,39
2014-07-22,-329,-430
2014-07-23,259,341
2014-07-24,1229,1623
2014-07-25,-1289,-1705
2014-07-28,-363,-483
2014-07-29,421,565
2014-07-30,2725,3712
2014-07-31,2298,3131
2014-08-01,617,841
2014-08-04,3112,4210
2014-08-05,-2565,-3448
2014-08-06,1182,1583
2014-08-07,995,1325
2014-08-08,1644,2158
2014-08-11,-397,-524
2014-08-12,48,67
2014-08-13,-419,-558
2014-08-14,1167,1548
2014-08-18,1170,1555
2014-08-19,-1741,-2325
2014-08-20,1729,2310
2014-08-21,2083,2728
2014-08-22,-849,-1116
2014-08-25,-1100,-1445
2014-08-26,-1216,-1618
2014-08-27,-2602,-3474
2014-08-28,145,187
2014-08-29,1862,2477
2014-09-01,832,1106
2014-09-02,6034,7940
2014-09-03,1090,1425
2014-09-04,-1333,-1767
2014-09-05,-1531,-2003
2014-09-11,684,897
2014-09-12,282,370
2014-09-15,-2015,-2638
2014-09-16,5,4
2014-09-17,-3425,-4534
2014-09-18,4469,5899
2014-09-19,-749,-993
2014-09-22,3529,4606
2014-09-23,839,1093
2014-09-24,622,808
2014-09-25,-535,-700
2014-09-26,-132,-171
2014-09-29,-1075,-1389
2014-09-30,2022,2599
2014-10-01,-646,-819
2014-10-02,420,527
2014-10-06,487,615
2014-10-07,761,952
2014-10-08,-2103,-2623
2014-10-10,-1257,-1545
2014-10-13,-3731,-4553
2014-10-14,4789,5892
2014-10-15,-1453,-1775
2014-10-16,-419,-503
2014-10-17,-1584,-1907
2014-10-20,-495,-605
2014-10-21,-2061,-2483
2014-10-22,3742,4574
2014-10-23,-138,-170
2014-10-24,1255,1527
2014-10-27,197,241
2014-10-28,557,682
2014-10-29,-2063,-2551
2014-10-30,-634,-785
2014-10-31,1068,1337
2014-11-03,415,518
2014-11-04,1913,2375
2014-11-05,-73,-91
2014-11-06,-3255,-4023
2014-11-07,1496,1855
2014-11-10,-1244,-1568
2014-11-11,1488,1864
2014-11-12,-3327,-4196
2014-11-13,2347,2947
2014-11-14,548,678
2014-11-17,-2683,-3333
2014-11-18,1215,1524
2014-11-19,2907,3643
2014-11-20,-247,-308
2014-11-21,873,1090
2014-11-24,-975,-1235
2014-11-25,2024,2559
2014-11-26,1568,1975
2014-11-27,-2779,-3531
2014-11-28,-188,-240
2014-12-01,2438,3064
2014-12-02,-108,-138
2014-12-03,-1582,-1992
2014-12-04,-5040,-6391
2014-12-05,521,665
2014-12-08,1892,2405
2014-12-09,2034,2564
2014-12-10,5236,6570
2014-12-11,-1430,-1793
2014-12-12,-544,-666
2014-12-15,-3885,-4730
2014-12-16,-364,-442
2014-12-17,1257,1532
2014-12-18,141,177
2014-12-19,-115,-146
2014-12-22,-547,-672
2014-12-23,-1291,-1601
2014-12-24,-2285,-2834
2014-12-26,-115,-143
2014-12-29,956,1183
2014-12-30,3547,4370
2015-01-02,-609,-740
2015-01-05,-592,-714
2015-01-06,2088,2525
2015-01-07,75,91
2015-01-08,-1997,-2429
2015-01-09,-1716,-2119
2015-01-12,-224,-274
2015-01-13,-1517,-1868
2015-01-14,528,654
2015-01-15,772,951
2015-01-16,-570,-689
2015-01-19,-3978,-4892
2015-01-20,1882,2330
2015-01-21,-2561,-3175
2015-01-22,1185,1488
2015-01-23,1674,2107
2015-01-26,-1958,-2451
2015-01-27,460,583
2015-01-28,-114,-141
2015-01-29,-2475,-3110
2015-01-30,245,306
2015-02-02,860,1078
2015-02-03,-294,-371
2015-02-04,507,645
2015-02-05,3772,4719
2015-02-06,-375,-465
2015-02-09,-794,-989
2015-02-10,2641,3288
2015-02-11,-1854,-2307
2015-02-12,1208,1496
2015-02-13,-456,-569
2015-02-16,-1045,-1307
2015-02-17,-2325,-2914
2015-02-23,1727,2176
2015-02-24,279,351
2015-02-25,-218,-277
2015-02-26,1438,1816
2015-02-27,385,478
2015-03-02,-2201,-2788
2015-03-03,-1881,-2392
2015-03-04,-125,-157
2015-03-05,-789,-1003
2015-03-06,-878,-1122
2015-03-09,3650,4637
2015-03-10,3768,4757
2015-03-11,-813,-1009
2015-03-12,-1222,-1528
2015-03-13,-1459,-1851
2015-03-16,-3572,-4531
2015-03-17,-3620,-4653
2015-03-18,2700,3508
2015-03-19,580,754
2015-03-20,501,650
2015-03-23,554,722
2015-03-24,-237,-307
2015-03-25,-312,-410
2015-03-26,1015,1314
2015-03-27,1032,1329
2015-03-30,-509,-652
2015-03-31,516,667
2015-04-01,2054,2627
2015-04-02,-513,-660
2015-04-03,-1261,-1618
2015-04-06,1576,2031
2015-04-07,2441,3151
2015-04-08,-4885,-6317
2015-04-09,3436,4455
2015-04-10,-1,23
2015-04-13,-79,-104
2015-04-14,-370,-492
2015-04-15,-852,-1140
2015-04-16,875,1174
2015-04-17,825,1112
2015-04-20,-1427,-1910
2015-04-21,-2043,-2744
2015-04-22,1228,1659
2015-04-23,1431,1952
2015-04-24,4163,5720
2015-04-27,440,598
2015-04-28,-1138,-1544
2015-04-29,-587,-796
2015-04-30,-1237,-1650
2015-05-04,-1457,-1958
2015-05-06,7724,10227
2015-05-07,-194,-258
2015-05-08,-83,-112
2015-05-11,-1224,-1610
2015-05-12,-609,-798
2015-05-13,560,734
2015-05-14,184,241
2015-05-15,2311,3026
2015-05-18,-733,-960
2015-05-19,-256,-330
2015-05-20,-2916,-3863
2015-05-21,4774,6284
2015-05-22,-3345,-4417
2015-05-26,-906,-1198
2015-05-27,1969,2563
2015-05-28,-2362,-3076
2015-05-29,-831,-1073
2015-06-01,456,599
2015-06-02,-682,-881
2015-06-03,1081,1392
2015-06-04,-3086,-3928
2015-06-05,-2942,-3748
2015-06-08,1145,1447
2015-06-09,-1326,-1679
2015-06-10,1631,2061
2015-06-11,-774,-969
2015-06-12,3726,4730
2015-06-15,-2352,-2944
2015-06-16,-894,-1091
2015-06-17,-224,-278
2015-06-18,-372,-467
2015-06-19,-1157,-1447
2015-06-22,1331,1677
2015-06-23,-4194,-5338
2015-06-24,878,1123
2015-06-25,1536,1954
2015-06-26,-911,-1157
2015-06-29,-859,-1079
2015-06-30,-1988,-2500
2015-07-01,-3923,-4982
2015-07-02,1480,1893
2015-07-03,1931,2460
2015-07-06,3133,3952
2015-07-07,107,135
2015-07-08,402,490
2015-07-09,655,802
2015-07-10,988,1226
2015-07-13,-1338,-1647
2015-07-14,-609,-761
2015-07-15,265,331
2015-07-16,-1752,-2192
2015-07-17,2199,2765
2015-07-20,-379,-475
2015-07-21,204,244
2015-07-22,375,456
2015-07-23,2019,2496
2015-07-24,1742,2132
2015-07-27,-4887,-5981
2015-07-28,1446,1773
2015-07-29,-3419,-4211
2015-07-30,3744,4579
2015-07-31,940,1144
2015-08-03,-1270,-1532
2015-08-04,343,418
2015-08-05,373,453
2015-08-06,3569,4312
2015-08-07,-2155,-2581
2015-08-10,1511,1809
2015-08-11,-2786,-3340
2015-08-12,717,857
2015-08-13,-2931,-3480
2015-08-17,-695,-822
2015-08-18,2075,2450
2015-08-19,536,627
2015-08-20,1314,1530
2015-08-21,-4115,-4679
2015-08-24,-11024,-12187
2015-08-25,-2527,-2797
2015-08-26,2318,2639
2015-08-27,455,515
2015-08-28,-938,-1080
2015-08-31,-1450,-1666
2015-09-01,-324,-370
2015-09-02,-896,-1017
2015-09-03,340,392
2015-09-04,-152,-166
2015-09-07,-422,-475
2015-09-08,-310,-351
2015-09-09,847,1024
2015-09-10,4543,5327
2015-09-11,-926,-1085
2015-09-14,2713,3176
2015-09-15,-1497,-1746
2015-09-16,-5058,-5991
2015-09-17,4413,5299
2015-09-18,-215,-229
2015-09-21,-883,-1052
2015-09-22,-2426,-2884
2015-09-23,-137,-159
2015-09-24,986,1160
2015-09-25,251,286
2015-09-30,-3419,-3985
2015-10-01,-3964,-4695
2015-10-02,2516,2996
2015-10-05,-234,-272
2015-10-06,-2192,-2632
2015-10-07,37,54
2015-10-08,-101,-126
2015-10-12,1044,1295
2015-10-13,1498,1849
2015-10-14,-1096,-1343
2015-10-15,3015,3746
2015-10-16,170,210
2015-10-19,-1658,-2058
2015-10-20,-1183,-1471
2015-10-21,-29,-32
2015-10-22,451,562
2015-10-23,1474,1847
2015-10-26,317,398
2015-10-27,-1299,-1629
2015-10-28,710,886
2015-10-29,-802,-1019
2015-10-30,-1368,-1713
2015-11-02,-833,-1041
2015-11-03,100,124
2015-11-04,2810,3558
2015-11-05,-49,-62
2015-11-06,1177,1476
2015-11-09,-2212,-2764
2015-11-10,5517,6819
2015-11-11,-2340,-2873
2015-11-12,-1388,-1705
2015-11-13,890,1083
2015-11-16,-683,-815
2015-11-17,1462,1768
2015-11-18,-1727,-2085
2015-11-19,1406,1718
2015-11-20,978,1197
2015-11-23,1067,1318
2015-11-24,625,774
2015-11-25,-205,-250
2015-11-26,-1993,-2485
2015-11-27,1101,1376
2015-11-30,679,835
2015-12-01,-1479,-1833
2015-12-02,158,192
2015-12-03,1638,2002
2015-12-04,1156,1395
2015-12-07,936,1126
2015-12-08,1183,1432
2015-12-09,1276,1526
2015-12-10,-267,-306
2015-12-11,-255,-307
2015-12-14,-1580,-1857
2015-12-15,1245,1473
2015-12-16,-2358,-2838
2015-12-17,-307,-378
2015-12-18,-2506,-3012
2015-12-21,2849,3444
2015-12-22,-2321,-2805
2015-12-23,-903,-1108
2015-12-24,940,1158
2015-12-28,1230,1470
2015-12-29,-2581,-3115
2015-12-30,257,304
2016-01-04,904,1075
2016-01-05,1160,1366
2016-01-06,-280,-324
2016-01-07,2062,2410
2016-01-08,347,411
2016-01-11,-184,-206
2016-01-12,1259,1468
2016-01-13,-1245,-1452
2016-01-14,1759,2034
2016-01-15,121,145
2016-01-18,-1903,-2173
2016-01-19,-449,-518
2016-01-20,2171,2480
2016-01-21,-3175,-3579
2016-01-22,-1810,-2071
2016-01-25,-608,-697
2016-01-26,1568,1774
2016-01-27,-1288,-1477
2016-01-28,-716,-823
2016-01-29,-2105,-2435
2016-02-01,-229,-264
2016-02-02,988,1148
2016-02-03,2044,2339
2016-02-04,-4012,-4665
2016-02-05,-1190,-1389
2016-02-11,4095,4668
2016-02-12,49,55
2016-02-15,-778,-886
2016-02-16,-2446,-2821
2016-02-17,-1831,-2126
2016-02-18,-779,-913
2016-02-19,1499,1759
2016-02-22,-1061,-1245
2016-02-23,-847,-999
2016-02-24,739,869
2016-02-25,-201,-235
2016-02-26,539,636
2016-02-29,-875,-1035
2016-03-02,-599,-719
2016-03-03,1267,1518
2016-03-04,-1072,-1288
2016-03-07,-1147,-1385
2016-03-08,2957,3521
2016-03-09,120,128
2016-03-10,-4469,-5428
2016-03-11,2419,2946
2016-03-14,493,604
2016-03-15,-2307,-2805
2016-03-16,851,1040
2016-03-17,1213,1498
2016-03-18,517,637
2016-03-21,-874,-1065
2016-03-22,-519,-638
2016-03-23,636,789
2016-03-24,-924,-1136
2016-03-25,1407,1727
2016-03-28,-804,-988
2016-03-29,153,185
2016-03-30,883,1094
2016-03-31,2137,2639
2016-04-01,3972,4839
2016-04-04,-130,-158
2016-04-05,551,663
2016-04-06,-983,-1192
2016-04-07,955,1158
2016-04-08,-1526,-1833
2016-04-11,-1956,-2365
2016-04-12,-1961,-2397
2016-04-14,-2377,-2961
2016-04-15,507,632
2016-04-18,-1205,-1492
2016-04-19,569,708
2016-04-20,-252,-309
2016-04-21,195,243
2016-04-22,404,501
2016-04-25,1311,1628
2016-04-26,298,368
2016-04-27,-253,-315
2016-04-28,2895,3581
2016-04-29,2241,2747
2016-05-02,1734,2117
2016-05-03,-259,-316
2016-05-04,937,1140
2016-05-09,1771,2149
2016-05-10,-2418,-2936
2016-05-11,868,1047
2016-05-12,-916,-1111
2016-05-13,1119,1346
2016-05-16,-1647,-1980
2016-05-17,625,751
2016-05-18,-248,-297
2016-05-19,60,71
2016-05-20,1544,1847
2016-05-23,-1734,-2072
2016-05-24,-444,-531
2016-05-25,-1563,-1890
2016-05-26,-18,-21
2016-05-27,417,500
2016-05-30,-871,-1052
2016-05-31,-388,-469
2016-06-01,-1882,-2286
2016-06-02,-1698,-2075
2016-06-03,14,12
2016-06-07,-1688,-2092
2016-06-08,19,14
2016-06-09,1514,1892
2016-06-10,917,1147
2016-06-13,2151,2643
2016-06-14,318,387
2016-06-15,1045,1275
2016-06-16,1759,2136
2016-06-17,934,1138
2016-06-20,-1502,-1844
2016-06-21,-937,-1149
2016-06-22,-1114,-1370
2016-06-23,400,492
2016-06-24,-1487,-1757
2016-06-27,714,858
2016-06-28,-610,-724
2016-06-29,-291,-347
2016-06-30,-2856,-3486
2016-07-01,-94,-115
2016-07-04,-576,-713
2016-07-05,134,166
2016-07-06,4400,5362
2016-07-07,-1151,-1403
2016-07-08,-155,-189
2016-07-11,925,1142
2016-07-12,-1108,-1375
2016-07-13,48,56
2016-07-14,481,602
2016-07-15,-1053,-1322
2016-07-18,148,186
2016-07-19,-262,-325
2016-07-20,1616,2024
2016-07-21,-204,-255
2016-07-22,-2114,-2647
2016-07-25,1582,1987
2016-07-26,-4730,-5961
2016-07-27,1567,1984
2016-07-28,3397,4282
2016-07-29,-859,-1087
2016-08-01,-1469,-1865
2016-08-02,3600,4545
2016-08-03,2285,2845
2016-08-04,-626,-781
2016-08-05,-3746,-4715
2016-08-08,-1416,-1798
2016-08-09,-2004,-2560
2016-08-10,2275,2912
2016-08-11,707,901
2016-08-12,1866,2396
2016-08-16,-269,-345
2016-08-17,-160,-200
2016-08-18,-2074,-2672
2016-08-19,673,869
2016-08-22,-766,-986
2016-08-23,-1388,-1790
2016-08-24,1765,2273
2016-08-25,-1109,-1429
2016-08-26,1369,1750
2016-08-29,-369,-479
2016-08-30,409,525
2016-08-31,1818,2338
2016-09-01,281,361
2016-09-02,191,243
2016-09-05,-2890,-3759
2016-09-06,286,370
2016-09-07,2273,2961
2016-09-08,1174,1518
2016-09-09,2623,3387
2016-09-12,2248,2837
2016-09-13,1620,2047
2016-09-19,-3384,-4288
2016-09-20,42,49
2016-09-21,-649,-831
2016-09-22,-2599,-3369
2016-09-23,-1314,-1699
2016-09-26,734,950
2016-09-27,-1508,-1948
2016-09-28,-622,-804
2016-09-29,-1428,-1857
2016-09-30,-182,-240
2016-10-04,1311,1702
2016-10-05,-490,-641
2016-10-06,547,713
2016-10-07,-837,-1089
2016-10-10,978,1263
2016-10-11,5875,7597
2016-10-12,-581,-737
2016-10-13,-64,-85
2016-10-14,-397,-503
2016-10-17,-658,-845
2016-10-18,-1640,-2109
2016-10-19,329,426
2016-10-20,-450,-580
2016-10-21,536,689
2016-10-24,-272,-355
2016-10-25,569,734
2016-10-26,4816,6162
2016-10-27,-1749,-2242
2016-10-28,-3151,-4050
2016-10-31,490,629
2016-11-01,-12,-29
2016-11-02,3734,4741
2016-11-03,-2146,-2720
2016-11-04,-146,-184
2016-11-07,833,1061
2016-11-08,-1039,-1330
2016-11-09,656,838
2016-11-10,-4091,-5207
2016-11-11,1073,1354
2016-11-14,-80,-102
2016-11-15,863,1081
2016-11-16,129,161
2016-11-17,-863,-1077
2016-11-18,281,350
2016-11-21,-358,-451
2016-11-22,-2243,-2816
2016-11-23,-2365,-2997
2016-11-24,2710,3422
2016-11-25,582,732
2016-11-28,-2778,-3505
2016-11-29,693,857
2016-11-30,-2383,-3023
2016-12-01,867,1099
2016-12-02,2053,2591
2016-12-05,-343,-439
2016-12-06,-5187,-6587
2016-12-07,699,911
2016-12-08,-1855,-2339
2016-12-09,650,838
2016-12-12,1037,1336
2016-12-13,-755,-972
2016-12-14,1299,1679
2016-12-15,-1468,-1893
2016-12-16,-2354,-3044
2016-12-19,-2135,-2763
2016-12-20,110,140
2016-12-21,381,497
2016-12-22,-1217,-1575
2016-12-23,1306,1688
2016-12-26,-408,-528
2016-12-27,-418,-541
2016-12-28,-858,-1116
2016-12-29,-731,-953
2017-01-02,1774,2305
2017-01-03,-1361,-1793
2017-01-04,529,695
2017-01-05,-325,-428
2017-01-06,-993,-1310
2017-01-09,-587,-777
2017-01-10,-1586,-2093
2017-01-11,-2997,-3994
2017-01-12,2835,3820
2017-01-13,-11,-14
2017-01-16,801,1077
2017-01-17,-253,-340
2017-01-18,95,131
2017-01-19,295,392
2017-01-20,-1291,-1726
2017-01-23,-416,-556
2017-01-24,146,198
2017-01-25,3139,4211
2017-01-26,278,376
2017-01-31,755,1021
2017-02-01,605,816
2017-02-02,-906,-1223
2017-02-03,115,153
2017-02-06,569,758
2017-02-07,457,615
2017-02-08,242,319
2017-02-09,161,213
2017-02-10,1683,2268
2017-02-13,-619,-831
2017-02-14,692,929
2017-02-15,-1907,-2564
2017-02-16,1170,1571
2017-02-17,-1319,-1772
2017-02-20,-1554,-2092
2017-02-21,142,202
2017-02-22,376,512
2017-02-23,-567,-774
2017-02-24,4035,5475
2017-02-27,-869,-1172
2017-02-28,68,91
2017-03-02,-2774,-3786
2017-03-03,2978,4014
2017-03-06,-1384,-1873
2017-03-07,-1899,-2582
2017-03-08,-44,-62
2017-03-09,1856,2521
2017-03-10,160,213
2017-03-13,-3027,-4154
2017-03-14,-859,-1190
2017-03-15,125,174
2017-03-16,2280,3203
2017-03-17,-395,-554
2017-03-20,-40,-55
2017-03-21,1365,1933
2017-03-22,449,632
2017-03-23,302,428
2017-03-24,357,505
2017-03-27,666,467
2017-03-28,684,483
2017-03-29,75,54
2017-03-30,177,127
2017-03-31,-1838,-1294
2017-04-03,361,253
2017-04-04,-1588,-1116
2017-04-05,-1332,-929
2017-04-06,-1965,-1374
2017-04-07,1656,1154
2017-04-10,2851,1979
2017-04-11,550,380
2017-04-12,2952,2042
2017-04-13,-6368,-4412
2017-04-14,2099,1461
2017-04-17,-1820,-1269
2017-04-18,4577,3190
2017-04-19,1748,1211
2017-04-20,-4785,-3317
2017-04-21,-2992,-2099
2017-04-24,2250,1586
2017-04-25,-1844,-1299
2017-04-26,3564,2555
2017-04-27,-318,-225
2017-04-28,-2917,-2098
2017-05-02,514,374
2017-05-04,-73,-52
2017-05-08,3333,2482
2017-05-10,7559,5656
2017-05-11,-4523,-3389
2017-05-12,563,423
2017-05-15,721,538
2017-05-16,2380,1787
2017-05-17,-1974,-1475
2017-05-18,-730,-542
2017-05-19,533,398
2017-05-22,52,37
2017-05-23,1884,1423
2017-05-24,1125,850
2017-05-25,-221,-167
2017-05-26,1953,1494
2017-05-29,6024,4647
2017-05-30,-1646,-1257
2017-05-31,-895,-681
2017-06-01,590,453
2017-06-02,-3563,-2729
2017-06-05,2632,2032
2017-06-07,2821,2168
2017-06-08,-2125,-1629
2017-06-09,-971,-750
2017-06-12,-1279,-983
2017-06-13,1997,1539
2017-06-14,824,635
2017-06-15,-6102,-4676
2017-06-16,-264,-201
2017-06-19,-2809,-2168
2017-06-20,1136,879
2017-06-21,2013,1544
2017-06-22,-2579,-1991
2017-06-23,1702,1321
2017-06-26,203,162
2017-06-27,-2928,-2286
2017-06-28,161,125
2017-06-29,2158,1694
2017-06-30,-894,-700
2017-07-03,1691,1322
2017-07-04,1887,1466
2017-07-05,-4916,-3835
2017-07-06,495,389
2017-07-07,-712,-553
2017-07-10,-467,-365
2017-07-11,-2851,-2235
2017-07-12,510,402
2017-07-13,-2504,-1985
2017-07-14,1694,1349
2017-07-17,3767,3008
2017-07-18,-450,-359
2017-07-19,4016,3207
2017-07-20,1122,897
2017-07-21,1428,1149
2017-07-24,-1902,-1532
2017-07-25,3055,2461
2017-07-26,-354,-287
2017-07-27,790,634
2017-07-28,-2455,-1975
2017-07-31,-5626,-4422
2017-08-01,-878,-678
2017-08-02,2840,2260
2017-08-03,5275,4120
2017-08-04,-2916,-2292
2017-08-07,-3020,-2384
2017-08-08,-2042,-1612
2017-08-09,3264,2534
2017-08-10,1814,1397
2017-08-11,-2178,-1659
2017-08-14,-2540,-1934
2017-08-16,4440,3419
2017-08-17,-4031,-3109
2017-08-18,-804,-614
2017-08-21,1856,1435
2017-08-22,2424,1873
2017-08-23,2598,2012
2017-08-24,-501,-392
2017-08-25,2218,1727
2017-08-28,2319,1796
2017-08-29,-3255,-2498
2017-08-30,-655,-507
2017-08-31,878,685
2017-09-01,-2314,-1786
2017-09-04,-962,-730
2017-09-05,4840,3680
2017-09-06,-2884,-2186
2017-09-07,-10292,-7891
2017-09-08,887,680
2017-09-11,2372,1841
2017-09-12,3275,2544
2017-09-13,719,568
2017-09-14,-2105,-1692
2017-09-15,-690,-542
2017-09-18,2172,1718
2017-09-19,2354,1881
2017-09-20,2143,1716
2017-09-21,-2298,-1833
2017-09-22,4843,3851
2017-09-25,-2376,-1887
2017-09-26,3652,2876
2017-09-27,2131,1677
2017-09-28,-4809,-3790
2017-09-29,-1682,-1330
2017-10-10,1775,1442
2017-10-11,-597,-487
2017-10-12,-1579,-1297
2017-10-13,1967,1613
2017-10-16,1587,1307
2017-10-17,-1200,-986
2017-10-18,-377,-310
2017-10-19,720,594
2017-10-20,-2169,-1781
2017-10-23,499,416
2017-10-24,34,28
2017-10-25,-3660,-3020
2017-10-26,-839,-675
2017-10-27,-1897,-1564
2017-10-30,2690,2224
2017-10-31,1445,1215
2017-11-01,362,308
2017-11-02,-1019,-860
2017-11-03,963,815
2017-11-06,881,738
2017-11-07,1348,1143
2017-11-08,-3511,-2960
2017-11-09,1424,1200
2017-11-10,-2253,-1891
2017-11-13,140,118
2017-11-14,217,181
2017-11-15,-901,-749
2017-11-16,819,682
2017-11-17,-308,-266
2017-11-20,-304,-252
2017-11-21,709,595
2017-11-22,1389,1164
2017-11-23,526,439
2017-11-24,-106,-88
2017-11-27,3875,3208
2017-11-28,-2539,-2100
2017-11-29,2519,2088
2017-11-30,-823,-670
2017-12-01,710,581
2017-12-04,845,690
2017-12-05,-520,-426
2017-12-06,4653,3795
2017-12-07,-1323,-1081
2017-12-08,583,471
2017-12-11,269,217
2017-12-12,817,652
2017-12-13,-3370,-2772
2017-12-14,-495,-410
2017-12-15,7347,5951
2017-12-18,436,354
2017-12-19,1478,1193
2017-12-20,1503,1219
2017-12-21,-439,-369
2017-12-22,1472,1173
2017-12-26,655,521
2017-12-27,-3940,-3147
2017-12-28,-9011,-7300
2018-01-02,2512,2050
2018-01-03,-100,-81
2018-01-04,5686,4658
2018-01-05,-1665,-1364
2018-01-08,4250,3515
2018-01-09,66,53
2018-01-10,1896,1552
2018-01-11,2603,2124
2018-01-12,1062,864
2018-01-15,-413,-340
2018-01-16,-1088,-892
2018-01-17,2,2
2018-01-18,-2757,-2276
2018-01-19,-2720,-2244
2018-01-22,3950,3234
2018-01-23,-2048,-1678
2018-01-24,-2357,-1960
2018-01-25,4417,3690
2018-01-26,-223,-191
2018-01-29,2336,1979
2018-01-30,3977,3346
2018-01-31,-4629,-3881
2018-02-01,3935,3289
2018-02-02,-2327,-1902
2018-02-05,1309,1056
2018-02-06,4105,3276
2018-02-07,-4570,-3570
2018-02-08,5139,4022
2018-02-09,-2331,-1766
2018-02-12,-7377,-5663
2018-02-13,-321,-248
2018-02-14,4246,3331
2018-02-19,-1588,-1262
2018-02-20,-465,-359
2018-02-21,-1805,-1418
2018-02-22,2568,2005
2018-02-23,-1765,-1385
2018-02-26,1823,1449
2018-02-27,3226,2565
2018-02-28,-763,-599
2018-03-02,-134,-93
2018-03-05,-2636,-2021
2018-03-06,-3035,-2355
2018-03-07,3525,2771
2018-03-08,-1215,-940
2018-03-09,691,556
2018-03-12,2027,1631
2018-03-13,1520,1226
2018-03-14,-2601,-2086
2018-03-15,2266,1822
2018-03-16,-612,-492
2018-03-19,-2176,-1750
2018-03-20,802,643
2018-03-21,-888,-715
2018-03-22,2278,1850
2018-03-23,-4820,-3799
2018-03-26,1280,982
2018-03-27,-1000,-788
2018-03-28,-2676,-2085
2018-03-29,-219,-168
2018-03-30,3897,3085
2018-04-02,491,380
2018-04-03,202,156
2018-04-04,-495,-375
2018-04-05,417,320
2018-04-06,-398,-306
2018-04-09,-3234,-2530
2018-04-10,3901,3054
2018-04-11,-1005,-795
2018-04-12,745,579
2018-04-13,-1864,-1465
2018-04-16,3976,3136
2018-04-17,-945,-747
2018-04-18,1079,850
2018-04-19,1219,972
2018-04-20,-1363,-1088
2018-04-23,382,302
2018-04-24,-5357,-4247
2018-04-25,154,115
2018-04-26,-3645,-2886
2018-04-27,374,302
2018-04-30,2263,1827
2018-05-02,807,647
2018-05-03,766,610
2018-05-04,-1673,-1334
2018-05-08,-1253,-994
2018-05-09,2517,1987
2018-05-10,-589,-466
2018-05-11,-545,-435
2018-05-14,3425,2726
2018-05-15,-4215,-3328
2018-05-16,3884,3065
2018-05-17,552,429
2018-05-18,-845,-666
2018-05-21,-3419,-2705
2018-05-23,-3539,-2806
2018-05-24,3726,2958
2018-05-25,-661,-527
2018-05-28,-1392,-1110
2018-05-29,3601,2853
2018-05-30,2993,2331
2018-05-31,-1935,-1501
2018-06-01,-113,-95
2018-06-04,-995,-782
2018-06-05,-2928,-2299
2018-06-07,-2335,-1854
2018-06-08,-1582,-1247
2018-06-11,-4636,-3666
2018-06-12,905,718
2018-06-14,-1838,-1441
2018-06-15,264,199
2018-06-18,1794,1393
2018-06-19,3255,2482
2018-06-20,1108,839
2018-06-21,1754,1327
2018-06-22,-5342,-4014
2018-06-25,-3947,-2975
2018-06-26,593,453
2018-06-27,-992,-750
2018-06-28,747,558
2018-06-29,-2677,-2008
2018-07-02,2378,1760
2018-07-03,331,248
2018-07-04,1764,1296
2018-07-05,-2304,-1681
2018-07-06,-2421,-1771
2018-07-09,-1945,-1437
2018-07-10,-935,-694
2018-07-11,-3937,-2896
2018-07-12,7327,5426
2018-07-13,-1673,-1248
2018-07-16,96,69
2018-07-17,-2971,-2208
2018-07-18,352,263
2018-07-19,-309,-227
2018-07-20,-2462,-1827
2018-07-23,-3800,-2806
2018-07-24,1884,1386
2018-07-25,426,310
2018-07-26,3371,2501
2018-07-27,-2495,-1858
2018-07-30,-452,-335
2018-07-31,2818,2099
2018-08-01,466,347
2018-08-02,6882,5101
2018-08-03,-3799,-2801
2018-08-06,879,649
2018-08-07,-1868,-1382
2018-08-08,-216,-160
2018-08-09,1527,1132
2018-08-10,-2210,-1627
2018-08-13,760,551
2018-08-14,1126,823
2018-08-16,2280,1641
2018-08-17,-3564,-2573
2018-08-20,340,248
2018-08-21,-4619,-3339
2018-08-22,812,595
2018-08-23,2840,2087
2018-08-24,42,34
2018-08-27,1525,1129
2018-08-28,380,283
2018-08-29,-477,-352
2018-08-30,-263,-193
2018-08-31,-515,-380
2018-09-03,1294,962
2018-09-04,-1525,-1139
2018-09-05,-1272,-937
2018-09-06,1883,1384
2018-09-07,-3192,-2329
2018-09-10,-9,-9
2018-09-11,-325,-237
2018-09-12,-14,-10
2018-09-13,-675,-495
2018-09-14,-1135,-843
2018-09-17,2718,2009
2018-09-18,-4648,-3433
2018-09-19,721,531
2018-09-20,-1988,-1483
2018-09-21,944,709
2018-09-27,-5000,-3775
2018-09-28,-222,-157
2018-10-01,2094,1571
2018-10-02,5688,4261
2018-10-04,4071,2999
2018-10-05,2990,2181
2018-10-08,-380,-274
2018-10-10,4299,3110
2018-10-11,4890,3395
2018-10-12,-819,-552
2018-10-15,-2246,-1558
2018-10-16,1760,1227
2018-10-17,-5472,-3849
2018-10-18,-296,-207
2018-10-19,-374,-248
2018-10-22,-1300,-907
2018-10-23,274,202
2018-10-24,1473,996
2018-10-25,-2495,-1657
2018-10-26,-1948,-1273
2018-10-29,2981,1949
2018-10-30,4396,2876
2018-10-31,-2796,-1839
2018-11-01,-2738,-1790
2018-11-02,6551,4408
2018-11-05,-5946,-3990
2018-11-06,3755,2549
2018-11-07,-1153,-791
2018-11-08,357,233
2018-11-09,-1669,-1141
2018-11-12,-3847,-2600
2018-11-13,-490,-315
2018-11-14,-307,-208
2018-11-15,3409,2307
2018-11-16,-1156,-786
2018-11-19,2374,1617
2018-11-20,-807,-550
2018-11-21,-910,-607
2018-11-22,286,194
2018-11-23,-1070,-704
2018-11-26,1692,1149
2018-11-27,634,430
2018-11-28,1053,718
2018-11-29,2589,1800
2018-11-30,2513,1722
2018-12-03,-3672,-2535
2018-12-04,-2359,-1609
2018-12-05,1693,1147
2018-12-06,5195,3471
2018-12-07,1414,948
2018-12-10,-1550,-1040
2018-12-11,1381,909
2018-12-12,-577,-391
2018-12-13,2951,1964
2018-12-14,-1276,-830
2018-12-17,1972,1299
2018-12-18,-235,-156
2018-12-19,-1027,-674
2018-12-20,-3828,-2509
2018-12-21,4419,2888
2018-12-24,334,220
2018-12-26,523,341
2018-12-27,-3834,-2501
2018-12-28,-94,-62
2019-01-02,5522,3595
2019-01-03,2386,1545
2019-01-04,-104,-74
2019-01-07,-1160,-775
2019-01-08,2154,1411
2019-01-09,-4900,-3232
2019-01-10,1108,740
2019-01-11,2197,1465
2019-01-14,3785,2523
2019-01-15,232,161
2019-01-16,-2003,-1355
2019-01-17,-1637,-1114
2019-01-18,3583,2455
2019-01-21,2034,1401
2019-01-22,1170,798
2019-01-23,-4008,-2747
2019-01-24,786,548
2019-01-25,220,144
2019-01-28,1561,1100
2019-01-29,912,639
2019-01-30,111,67
2019-01-31,2265,1643
2019-02-01,5549,3993
2019-02-07,634,450
2019-02-08,555,383
2019-02-11,-836,-590
2019-02-12,2920,2070
2019-02-13,1804,1287
2019-02-14,-6954,-4979
2019-02-15,-1451,-1025
2019-02-18,2981,2135
2019-02-19,448,323
2019-02-20,2920,2101
2019-02-21,263,189
2019-02-22,-1622,-1164
2019-02-25,2819,2045
2019-02-26,-1580,-1141
2019-02-27,2706,1956
2019-02-28,1196,858
2019-03-04,2820,2004
2019-03-05,-1369,-958
2019-03-06,-947,-660
2019-03-07,-528,-368
2019-03-08,-667,-464
2019-03-11,-635,-437
2019-03-12,-2053,-1427
2019-03-13,822,561
2019-03-14,-2110,-1462
2019-03-15,-2256,-1569
2019-03-18,757,532
2019-03-19,911,639
2019-03-20,1863,1289
2019-03-21,2238,1593
2019-03-22,-1792,-1275
2019-03-25,375,256
2019-03-26,-520,-360
2019-03-27,-631,-436
2019-03-28,-1557,-1073
2019-03-29,55,37
2019-04-01,-2406,-1693
2019-04-02,-149,-104
2019-04-03,-3025,-2145
2019-04-04,-1226,-877
2019-04-05,1338,964
2019-04-08,-605,-431
2019-04-09,1850,1333
2019-04-10,-1512,-1093
2019-04-11,7697,5557
2019-04-12,-302,-217
2019-04-15,294,214
2019-04-16,-646,-467
2019-04-17,2370,1728
2019-04-18,2342,1682
2019-04-19,1688,1214
2019-04-22,-2999,-2148
2019-04-23,594,425
2019-04-24,392,288
2019-04-25,2727,1934
2019-04-26,810,578
2019-04-29,-4838,-3470
2019-04-30,2206,1579
2019-05-02,-1862,-1331
2019-05-03,4649,3304
2019-05-07,-1079,-756
2019-05-08,-1578,-1095
2019-05-09,2964,1993
2019-05-10,-4133,-2809
2019-05-13,-994,-667
2019-05-14,-1115,-740
2019-05-15,-3909,-2624
2019-05-16,-3365,-2252
2019-05-17,3513,2354
2019-05-20,518,351
2019-05-21,-1706,-1139
2019-05-22,-5450,-3632
2019-05-23,717,481
2019-05-24,1636,1083
2019-05-27,-792,-521
2019-05-28,684,450
2019-05-29,2256,1478
2019-05-30,-2351,-1548
2019-05-31,898,585
2019-06-03,-3627,-2419
2019-06-04,1349,901
2019-06-05,-1077,-722
2019-06-07,-868,-594
2019-06-10,-1927,-1313
2019-06-11,-1871,-1271
2019-06-12,1888,1290
2019-06-13,2333,1575
2019-06-14,-863,-577
2019-06-17,-485,-327
2019-06-18,-3887,-2633
2019-06-19,1928,1324
2019-06-20,203,139
2019-06-21,-1069,-733
2019-06-24,1095,753
2019-06-25,584,403
2019-06-26,-1827,-1256
2019-06-27,-215,-147
2019-06-28,1899,1325
2019-07-01,4270,2973
2019-07-02,-2181,-1512
2019-07-03,4796,3280
2019-07-04,-5641,-3871
2019-07-05,2677,1839
2019-07-08,2682,1804
2019-07-09,-162,-115
2019-07-10,-707,-477
2019-07-11,-1580,-1073
2019-07-12,-2379,-1624
2019-07-15,-1103,-749
2019-07-16,1677,1147
2019-07-17,3061,2080
2019-07-18,-5079,-3446
2019-07-19,2702,1849
2019-07-22,-1833,-1257
2019-07-23,-3365,-2323
2019-07-24,1575,1084
2019-07-25,1546,1053
2019-07-26,-1744,-1182
2019-07-29,-307,-215
2019-07-30,-3345,-2254
2019-07-31,822,542
2019-08-01,-2746,-1836
2019-08-02,1674,1101
2019-08-05,-1757,-1156
2019-08-06,-6029,-3804
2019-08-07,178,106
2019-08-08,6084,3848
2019-08-09,-1874,-1194
2019-08-12,586,374
2019-08-13,-4052,-2573
2019-08-14,-471,-306
2019-08-16,-576,-364
2019-08-19,-1617,-1028
2019-08-20,-6754,-4322
2019-08-21,-2,-2
2019-08-22,-956,-605
2019-08-23,-867,-556
2019-08-26,-9788,-6165
2019-08-27,2060,1307
2019-08-28,3097,1971
2019-08-29,277,175
2019-08-30,-1757,-1137
2019-09-02,2816,1822
2019-09-03,744,474
2019-09-04,2925,1911
2019-09-05,1986,1320
2019-09-06,212,138
2019-09-09,3223,2159
2019-09-10,-311,-203
2019-09-11,-1062,-718
2019-09-16,-2200,-1496
2019-09-17,448,303
2019-09-18,-1774,-1208
2019-09-19,2126,1461
2019-09-20,-3020,-2081
2019-09-23,-1385,-956
2019-09-24,-2471,-1713
2019-09-25,-1748,-1207
2019-09-26,4079,2806
2019-09-27,507,345
2019-09-30,-3234,-2224
2019-10-01,1062,723
2019-10-02,3357,2278
2019-10-04,-1782,-1189
2019-10-07,-220,-147
2019-10-08,-454,-298
2019-10-10,-2177,-1469
2019-10-11,2356,1608
2019-10-14,542,373
2019-10-15,102,71
2019-10-16,-415,-285
2019-10-17,-1381,-964
2019-10-18,-1506,-999
2019-10-21,1175,808
2019-10-22,-869,-609
2019-10-23,3673,2544
2019-10-24,628,436
2019-10-25,-429,-297
2019-10-28,1544,1088
2019-10-29,2429,1692
2019-10-30,1256,866
2019-10-31,-1806,-1245
2019-11-01,-2445,-1702
2019-11-04,-2444,-1729
2019-11-05,1716,1211
2019-11-06,414,296
2019-11-07,-764,-541
2019-11-08,939,673
2019-11-11,-234,-169
2019-11-12,1718,1211
2019-11-13,-1020,-723
2019-11-14,-2742,-1942
2019-11-15,3017,2152
2019-11-18,4181,3002
2019-11-19,929,657
2019-11-20,2341,1657
2019-11-21,2758,1920
2019-11-22,-1483,-1036
2019-11-25,-2200,-1547
2019-11-26,2313,1641
2019-11-27,-2808,-1986
2019-11-28,-694,-492
2019-11-29,3225,2241
2019-12-02,418,288
2019-12-03,-1528,-1050
2019-12-04,-302,-201
2019-12-05,925,642
2019-12-06,466,329
2019-12-09,-1860,-1288
2019-12-10,-2516,-1748
2019-12-11,-2293,-1624
2019-12-12,-2780,-1925
2019-12-13,747,531
2019-12-16,1066,766
2019-12-17,-3439,-2507
2019-12-18,1868,1362
2019-12-19,-115,-82
2019-12-20,-632,-460
2019-12-23,670,490
2019-12-24,2983,2165
2019-12-26,544,391
2019-12-27,-4485,-3284
2019-12-30,551,408
2020-01-02,3127,2270
2020-01-03,1377,1010
2020-01-06,358,257
2020-01-07,-1251,-915
2020-01-08,4829,3507
2020-01-09,-1612,-1189
2020-01-10,-1127,-834
2020-01-13,517,381
2020-01-14,-633,-479
2020-01-15,-484,-362
2020-01-16,-2947,-2225
2020-01-17,1036,797
2020-01-20,645,494
2020-01-21,293,209
2020-01-22,-1996,-1506
2020-01-23,3397,2575
2020-01-28,5319,3905
2020-01-29,-3019,-2223
2020-01-30,-1636,-1169
2020-01-31,1913,1384
2020-02-03,2342,1670
2020-02-04,-2602,-1888
2020-02-05,2911,2142
2020-02-06,234,179
2020-02-07,2663,1991
2020-02-10,-57,-26
2020-02-11,530,397
2020-02-12,1456,1105
2020-02-13,69,53
2020-02-14,-2613,-1965
2020-02-17,-807,-609
2020-02-18,1731,1294
2020-02-19,-5626,-4183
2020-02-20,2827,2119
2020-02-21,-3081,-2250
2020-02-24,-8600,-6096
2020-02-25,2575,1831
2020-02-26,-5853,-4087
2020-02-27,-3987,-2766
2020-02-28,3610,2440
2020-03-02,1291,875
2020-03-03,-1153,-781
2020-03-04,1072,745
2020-03-05,3493,2454
2020-03-06,-2419,-1666
2020-03-09,-8830,-5859
2020-03-10,3708,2445
2020-03-11,-1339,-873
2020-03-12,207,91
2020-03-13,-5475,-3070
2020-03-16,-218,-179
2020-03-17,1514,897
2020-03-18,-9320,-5191
2020-03-19,6137,3187
2020-03-20,-2175,-1178
2020-03-23,-2023,-1003
2020-03-24,2290,1112
2020-03-25,-4365,-2460
2020-03-26,1114,639
2020-03-27,188,174
2020-03-30,-1416,-783
2020-03-31,-2675,-1558
2020-04-01,-1949,-1137
2020-04-02,-1138,-643
2020-04-03,-3124,-1791
2020-04-06,4947,2898
2020-04-07,-1284,-783
2020-04-08,2305,1431
2020-04-09,-4787,-2906
2020-04-10,-404,-251
2020-04-13,-523,-309
2020-04-14,5927,3650
2020-04-16,-2414,-1474
2020-04-17,2641,1675
2020-04-20,-4744,-2996
2020-04-21,-2237,-1365
2020-04-22,2881,1792
2020-04-23,-84,-48
2020-04-24,-1347,-841
2020-04-27,-1238,-771
2020-04-28,-1510,-959
2020-04-29,1086,700
2020-05-04,-1117,-684
2020-05-06,812,504
2020-05-07,1875,1195
2020-05-08,3308,2134
2020-05-11,-5665,-3631
2020-05-12,-50,-22
2020-05-13,-309,-184
2020-05-14,-658,-413
2020-05-15,1936,1229
2020-05-18,-1101,-707
2020-05-19,1506,980
2020-05-20,2381,1563
2020-05-21,-2957,-1947
2020-05-22,-943,-600
2020-05-25,-516,-338
2020-05-26,4620,3063
2020-05-27,-3271,-2173
2020-05-28,-1341,-885
2020-05-29,-1171,-770
2020-06-01,2491,1695
2020-06-02,637,441
2020-06-03,4426,3174
2020-06-04,4446,3216
2020-06-05,2866,2073
2020-06-08,-365,-258
2020-06-09,-3735,-2703
2020-06-10,4067,2962
2020-06-11,-6310,-4554
2020-06-12,1121,778
2020-06-15,-609,-489
2020-06-16,998,712
2020-06-17,1055,750
2020-06-18,-3092,-2165
2020-06-19,1802,1288
2020-06-22,-366,-253
2020-06-23,-1868,-1296
2020-06-24,2685,1926
2020-06-25,-4171,-2920
2020-06-26,-827,-584
2020-06-29,725,513
2020-06-30,1630,1162
2020-07-01,-1091,-758
2020-07-02,-924,-649
2020-07-03,-234,-164
2020-07-06,2386,1717
2020-07-07,2152,1556
2020-07-08,511,374
2020-07-09,-162,-115
2020-07-10,-4099,-2917
2020-07-13,-111,-82
2020-07-14,-660,-471
2020-07-15,3375,2477
2020-07-16,-123,-89
2020-07-17,-1078,-785
2020-07-20,77,59
2020-07-21,930,684
2020-07-22,73,57
2020-07-23,-1516,-1100
2020-07-24,-644,-468
2020-07-27,-1449,-1053
2020-07-28,1033,766
2020-07-29,1019,764
2020-07-30,-165,-122
2020-07-31,-305,-222
2020-08-03,162,121
2020-08-04,366,275
2020-08-05,-2962,-2253
2020-08-06,48,39
2020-08-07,333,268
2020-08-10,-211,-163
2020-08-11,2163,1738
2020-08-12,409,333
2020-08-13,1385,1126
2020-08-14,-3379,-2688
2020-08-18,3626,2873
2020-08-19,2071,1628
2020-08-20,-470,-363
2020-08-21,-2685,-2057
2020-08-24,-54,-41
2020-08-25,430,327
2020-08-26,-307,-236
2020-08-27,325,259
2020-08-28,2623,2067
2020-08-31,1644,1292
2020-09-01,-2252,-1733
2020-09-02,867,682
2020-09-03,-893,-701
2020-09-04,-3471,-2687
2020-09-07,121,97
2020-09-08,2475,1956
2020-09-09,1811,1421
2020-09-10,-736,-579
2020-09-11,167,145
2020-09-14,1618,1289
2020-09-15,-1446,-1155
2020-09-16,60,47
2020-09-17,352,281
2020-09-18,-1190,-943
2020-09-21,1069,857
2020-09-22,1630,1290
2020-09-23,-4150,-3191
2020-09-24,2234,1691
2020-09-25,-1783,-1350
2020-09-28,-1102,-850
2020-09-29,85,65
2020-10-05,-1430,-1126
2020-10-06,1730,1363
2020-10-07,847,680
2020-10-08,3337,2654
2020-10-12,427,341
2020-10-13,-2289,-1821
2020-10-14,1508,1195
2020-10-15,-1657,-1303
2020-10-16,-79,-57
2020-10-19,1017,795
2020-10-20,-1107,-872
2020-10-21,123,96
2020-10-22,-711,-555
2020-10-23,-68,-56
2020-10-26,2182,1715
2020-10-27,462,359
2020-10-28,-1861,-1451
2020-10-29,2691,2072
2020-10-30,947,716
2020-11-02,-2981,-2268
2020-11-03,-1192,-920
2020-11-04,2225,1738
2020-11-05,-1927,-1533
2020-11-06,1203,967
2020-11-09,-1571,-1279
2020-11-10,737,596
2020-11-11,2094,1730
2020-11-12,-1625,-1339
2020-11-13,570,480
2020-11-16,1651,1412
2020-11-17,808,688
2020-11-18,-788,-670
2020-11-19,-340,-286
2020-11-20,-711,-595
2020-11-23,-1044,-904
2020-11-24,3239,2832
2020-11-25,-476,-425
2020-11-26,-2620,-2285
2020-11-27,-1181,-1038
2020-11-30,2798,2449
2020-12-01,312,278
2020-12-02,731,656
2020-12-03,-267,-237
2020-12-04,2389,2210
2020-12-07,-531,-497
2020-12-08,3404,3096
2020-12-09,-2161,-1971
2020-12-10,879,780
2020-12-11,-1495,-1363
2020-12-14,50,50
2020-12-15,-428,-385
2020-12-16,1009,926
2020-12-17,760,692
2020-12-18,-1201,-1101
2020-12-21,-690,-630
2020-12-22,986,888
2020-12-23,-336,-306
2020-12-24,-1199,-1112
2020-12-28,3200,3007
2020-12-29,-325,-287
2020-12-30,-190,-132
2021-01-04,-1065,-1031
2021-01-05,2611,2605
2021-01-06,-392,-366
2021-01-07,6029,6159
2021-01-08,386,396
2021-01-11,1213,1333
2021-01-12,-3001,-3110
2021-01-13,3749,4050
2021-01-14,-4641,-4970
2021-01-15,-3420,-3573
2021-01-18,232,227
2021-01-19,2401,2461
2021-01-20,994,1057
2021-01-21,952,1020
2021-01-22,-509,-543
2021-01-25,1322,1452
2021-01-26,-5030,-5346
2021-01-27,152,191
2021-01-28,-5057,-5218
2021-01-29,-1293,-1332
2021-02-01,672,667
2021-02-02,5708,6043
2021-02-03,902,964
2021-02-04,-489,-528
2021-02-05,-509,-525
2021-02-08,1963,2065
2021-02-09,-1398,-1463
2021-02-10,-1566,-1631
2021-02-15,2559,2742
2021-02-16,1633,1768
2021-02-17,-4791,-5059
2021-02-18,133,139
2021-02-19,-4362,-4515
2021-02-22,2518,2665
2021-02-23,-1161,-1188
2021-02-24,554,568
2021-02-25,362,354
2021-02-26,-703,-709
2021-03-02,1499,1590
2021-03-03,25,20
2021-03-04,734,773
2021-03-05,-1580,-1595
2021-03-08,606,607
2021-03-09,1740,1770
2021-03-10,-230,-240
2021-03-11,-2858,-2933
2021-03-12,636,663
2021-03-15,707,733
2021-03-16,-1383,-1436
2021-03-17,736,766
2021-03-18,801,846
2021-03-19,-944,-960
2021-03-22,-488,-494
2021-03-23,-676,-683
2021-03-24,-1032,-1045
2021-03-25,801,818
2021-03-26,1817,1867
2021-03-29,-2465,-2535
2021-03-30,919,946
2021-03-31,3323,3462
2021-04-01,-973,-1014
2021-04-02,2331,2474
2021-04-05,445,468
2021-04-06,-82,-92
2021-04-07,395,421
2021-04-08,2610,2771
2021-04-09,-2922,-3103
2021-04-12,-507,-544
2021-04-13,-1011,-1077
2021-04-14,-1680,-1802
2021-04-15,2949,3182
2021-04-16,-804,-875
2021-04-19,-1500,-1618
2021-04-20,-511,-550
2021-04-21,-2706,-2863
2021-04-22,-336,-357
2021-04-23,-224,-220
2021-04-26,-479,-510
2021-04-27,298,319
2021-04-28,3640,3900
2021-04-29,152,150
2021-04-30,-1900,-2015
2021-05-03,-666,-718
2021-05-04,-1904,-1998
2021-05-06,2203,2337
2021-05-07,-747,-795
2021-05-10,1084,1191
2021-05-11,1946,2109
2021-05-12,1565,1660
2021-05-13,-1336,-1407
2021-05-14,-2099,-2187
2021-05-17,778,815
2021-05-18,452,481
2021-05-20,205,209
2021-05-21,2390,2534
2021-05-24,-528,-558
2021-05-25,-2719,-2871
2021-05-26,1803,1912
2021-05-27,-38,-44
2021-05-28,-1241,-1328
2021-05-31,-242,-264
2021-06-01,94,98
2021-06-02,1419,1525
2021-06-03,-3178,-3435
2021-06-04,3478,3742
2021-06-07,-243,-265
2021-06-08,887,960
2021-06-09,1029,1104
2021-06-10,-3621,-3882
2021-06-11,328,351
2021-06-14,841,904
2021-06-15,-2872,-3110
2021-06-16,-1694,-1848
2021-06-17,2067,2246
2021-06-18,1026,1116
2021-06-21,414,442
2021-06-22,-1556,-1682
2021-06-23,-2014,-2195
2021-06-24,-1434,-1567
2021-06-25,1554,1708
2021-06-28,-122,-135
2021-06-29,2374,2594
2021-06-30,-2329,-2557
2021-07-01,3287,3592
2021-07-02,-1823,-1986
2021-07-05,-2513,-2749
2021-07-06,1039,1138
2021-07-07,4710,5135
2021-07-08,6300,6839
2021-07-09,-4654,-4983
2021-07-12,-5130,-5513
2021-07-13,-2009,-2177
2021-07-14,1864,2019
2021-07-15,-1761,-1919
2021-07-16,771,832
2021-07-19,1430,1538
2021-07-20,1241,1326
2021-07-21,1900,2038
2021-07-22,-7231,-7762
2021-07-23,1699,1833
2021-07-26,5225,5627
2021-07-27,-3033,-3260
2021-07-28,-255,-282
2021-07-29,90,95
2021-07-30,5074,5392
2021-08-02,-3280,-3493
2021-08-03,-8388,-8989
2021-08-04,-3825,-4151
2021-08-05,4865,5302
2021-08-06,6946,7528
2021-08-09,1172,1262
2021-08-10,8484,9115
2021-08-11,3846,4092
2021-08-12,1970,2081
2021-08-13,-496,-482
2021-08-17,-124,-113
2021-08-18,-2255,-2324
2021-08-19,1085,1118
2021-08-20,-4247,-4283
2021-08-23,-1380,-1402
2021-08-24,-2612,-2670
2021-08-25,1669,1719
2021-08-26,1245,1281
2021-08-27,-1660,-1688
2021-08-30,-655,-660
2021-08-31,-4575,-4752
2021-09-01,4212,4410
2021-09-02,1788,1832
2021-09-03,963,1001
2021-09-06,829,865
2021-09-07,968,995
2021-09-08,-1469,-1533
2021-09-09,-668,-689
2021-09-10,-1427,-1452
2021-09-13,-4336,-4426
2021-09-14,-746,-762
2021-09-15,-262,-267
2021-09-16,1690,1727
2021-09-17,-2045,-2086
2021-09-23,1817,1855
2021-09-24,950,967
2021-09-27,-1079,-1104
2021-09-28,5152,5229
2021-09-29,-3986,-3991
2021-09-30,-2374,-2362
2021-10-01,2052,2023
2021-10-05,-1433,-1409
2021-10-06,2762,2677
2021-10-07,2860,2769
2021-10-08,-3772,-3663
2021-10-12,-1369,-1295
2021-10-13,-790,-741
2021-10-14,913,888
2021-10-15,-282,-287
2021-10-18,93,92
2021-10-19,1522,1500
2021-10-20,1323,1318
2021-10-21,-1115,-1101
2021-10-22,-540,-531
2021-10-25,-1593,-1561
2021-10-26,936,927
2021-10-27,3732,3697
2021-10-28,-1240,-1227
2021-10-29,-528,-491
2021-11-01,-3070,-3002
2021-11-02,2066,2078
2021-11-03,3957,3884
2021-11-04,-3571,-3512
2021-11-05,558,541
2021-11-08,-36,-32
2021-11-09,-1898,-1859
2021-11-10,3555,3441
2021-11-11,-3343,-3211
2021-11-12,-2729,-2656
2021-11-15,-1159,-1143
2021-11-16,957,947
2021-11-17,4684,4587
2021-11-18,-561,-547
2021-11-19,-1482,-1437
2021-11-22,-4296,-4258
2021-11-23,2148,2132
2021-11-24,1869,1852
2021-11-25,3637,3574
2021-11-26,-1360,-1318
2021-11-29,-476,-444
2021-11-30,-3255,-3040
2021-12-01,-3159,-2943
2021-12-02,376,364
2021-12-03,-23,-11
2021-12-06,-505,-462
2021-12-07,-118,-121
2021-12-08,1838,1847
2021-12-09,-2821,-2775
2021-12-10,161,159
2021-12-13,1013,1022
2021-12-14,853,847
2021-12-15,97,96
2021-12-16,-619,-604
2021-12-17,-1460,-1435
2021-12-20,2077,2030
2021-12-21,1524,1482
2021-12-22,-1719,-1675
2021-12-23,192,192
2021-12-24,92,96
2021-12-27,3047,3009
2021-12-28,-777,-779
2021-12-29,1105,1091
2021-12-30,873,851
2022-01-03,-2489,-2475
2022-01-04,-1269,-1257
2022-01-05,2588,2538
2022-01-06,-754,-730
2022-01-07,-4664,-4540
2022-01-10,2157,2088
2022-01-11,-1111,-1083
2022-01-12,-4008,-3930
2022-01-13,4753,4677
2022-01-14,3499,3377
2022-01-17,326,306
2022-01-18,1349,1283
2022-01-19,-1175,-1118
2022-01-20,-878,-830
2022-01-21,-1059,-1007
2022-01-24,4620,4297
2022-01-25,927,819
2022-01-26,684,625
2022-01-27,349,244
2022-01-28,-4227,-3644
2022-02-03,-165,-159
2022-02-04,-2670,-2434
2022-02-07,423,398
2022-02-08,-606,-540
2022-02-09,-768,-693
2022-02-10,-2217,-2055
2022-02-11,878,799
2022-02-14,-294,-265
2022-02-15,4200,3802
2022-02-16,-5252,-4786
2022-02-17,-643,-600
2022-02-18,2599,2397
2022-02-21,-2635,-2388
2022-02-22,2701,2466
2022-02-23,1752,1599
2022-02-24,-360,-311
2022-02-25,-1818,-1634
2022-02-28,-17,-18
2022-03-02,3067,2767
2022-03-03,-2741,-2498
2022-03-04,3390,3087
2022-03-07,-1113,-979
2022-03-08,314,283
2022-03-10,-2456,-2172
2022-03-11,1151,1031
2022-03-14,-204,-183
2022-03-15,2711,2385
2022-03-16,-3179,-2801
2022-03-17,728,715
2022-03-18,-1497,-1345
2022-03-21,1707,1543
2022-03-22,-1984,-1783
2022-03-23,-1043,-945
2022-03-24,1602,1450
2022-03-25,-612,-552
2022-03-28,-3407,-3069
2022-03-29,2202,1997
2022-03-30,-1372,-1245
2022-03-31,-1436,-1313
2022-04-01,2481,2251
2022-04-04,-1039,-941
2022-04-05,-36,-30
2022-04-06,2609,2365
2022-04-07,5286,4726
2022-04-08,-1499,-1332
2022-04-11,-1341,-1194
2022-04-12,2026,1786
2022-04-13,-1757,-1545
2022-04-14,732,649
2022-04-15,1473,1307
2022-04-18,-3845,-3388
2022-04-19,27,16
2022-04-20,-490,-433
2022-04-21,-1494,-1337
2022-04-22,4762,4229
2022-04-25,894,772
2022-04-26,-652,-576
2022-04-27,-90,-54
2022-04-28,-2872,-2500
2022-04-29,-4411,-3876
2022-05-02,1955,1726
2022-05-03,3801,3366
2022-05-04,1335,1182
2022-05-06,338,304
2022-05-09,2639,2275
2022-05-10,2140,1820
2022-05-11,-157,-128
2022-05-12,3157,2658
2022-05-13,-7891,-6769
2022-05-16,3848,3331
2022-05-17,-1479,-1277
2022-05-18,834,727
2022-05-19,-1253,-1042
2022-05-20,-4720,-4094
2022-05-23,3024,2645
2022-05-24,3604,3115
2022-05-25,-2833,-2450
2022-05-26,1748,1508
2022-05-27,-3129,-2713
2022-05-30,-3730,-3283
2022-05-31,65,45
2022-06-02,4619,4057
2022-06-03,-2403,-2107
2022-06-07,7395,6440
2022-06-08,-4186,-3628
2022-06-09,-647,-566
2022-06-10,3212,2749
2022-06-13,3698,3066
2022-06-14,1648,1341
2022-06-15,300,242
2022-06-16,-6362,-5184
2022-06-17,-2530,-1987
2022-06-20,2818,2252
2022-06-21,14,22
2022-06-22,-492,-373
2022-06-23,-3169,-2424
2022-06-24,814,631
2022-06-27,-1194,-923
2022-06-28,-2169,-1723
2022-06-29,1535,1218
2022-06-30,2129,1639
2022-07-01,-3169,-2403
2022-07-04,-1735,-1323
2022-07-05,3432,2650
2022-07-06,-352,-273
2022-07-07,-990,-760
2022-07-08,-1127,-869
2022-07-11,-2,6
2022-07-12,301,230
2022-07-13,2041,1574
2022-07-14,2319,1785
2022-07-15,571,459
2022-07-18,-3012,-2354
2022-07-19,2172,1703
2022-07-20,-1318,-1040
2022-07-21,-1155,-917
2022-07-22,-496,-396
2022-07-25,-1929,-1536
2022-07-26,-3134,-2501
2022-07-27,1493,1193
2022-07-28,-203,-159
2022-07-29,1033,846
2022-08-01,-2434,-1967
2022-08-02,1380,1110
2022-08-03,-3519,-2841
2022-08-04,1939,1579
2022-08-05,51,49
2022-08-08,-956,-775
2022-08-09,-2603,-2134
2022-08-10,4208,3430
2022-08-11,-3955,-3236
2022-08-12,-1354,-1116
2022-08-16,150,122
2022-08-17,3710,3071
2022-08-18,-1826,-1502
2022-08-19,1033,843
2022-08-22,100,86
2022-08-23,1760,1408
2022-08-24,-548,-433
2022-08-25,-1983,-1590
2022-08-26,719,591
2022-08-29,920,764
2022-08-30,-538,-420
2022-08-31,1982,1609
2022-09-01,3115,2461
2022-09-02,900,703
2022-09-05,1020,798
2022-09-06,1449,1130
2022-09-07,3402,2626
2022-09-08,-2118,-1636
2022-09-13,-7767,-6167
2022-09-14,-1468,-1084
2022-09-15,3328,2601
2022-09-16,-1741,-1335
2022-09-19,1658,1274
2022-09-20,618,477
2022-09-21,1053,807
2022-09-22,1540,1147
2022-09-23,2796,2097
2022-09-26,-2615,-1916
2022-09-27,-520,-367
2022-09-28,-875,-606
2022-09-29,-4381,-3098
2022-09-30,3129,2213
2022-10-04,-1665,-1210
2022-10-05,5002,3637
2022-10-06,201,147
2022-10-07,873,644
2022-10-11,-1422,-1012
2022-10-12,-1599,-1144
2022-10-13,8521,6072
2022-10-14,-6653,-4778
2022-10-17,937,707
2022-10-18,631,450
2022-10-19,1671,1228
2022-10-20,715,516
2022-10-21,-1090,-786
2022-10-24,28,20
2022-10-25,1911,1391
2022-10-26,-5918,-4338
2022-10-27,-3145,-2346
2022-10-28,5629,4191
2022-10-31,-4088,-3063
2022-11-01,971,736
2022-11-02,-1394,-1062
2022-11-03,1930,1471
2022-11-04,-2673,-2023
2022-11-07,-1260,-965
2022-11-08,1232,952
2022-11-09,-231,-183
2022-11-10,4054,3175
2022-11-11,-1458,-1122
2022-11-14,842,688
2022-11-15,1995,1607
2022-11-16,-1080,-869
2022-11-17,415,326
2022-11-18,2159,1723
2022-11-21,1677,1320
2022-11-22,1834,1428
2022-11-23,-4624,-3623
2022-11-24,-2592,-2049
2022-11-25,3667,2906
2022-11-28,-1975,-1546
2022-11-29,-2071,-1621
2022-11-30,-1587,-1249
2022-12-01,4286,3450
2022-12-02,4112,3278
2022-12-05,-1351,-1065
2022-12-06,1197,928
2022-12-07,-347,-262
2022-12-08,-3106,-2387
2022-12-09,-1370,-1064
2022-12-12,2453,1889
2022-12-13,124,95
2022-12-14,-110,-80
2022-12-15,1675,1289
2022-12-16,-2793,-2114
2022-12-19,229,174
2022-12-20,118,88
2022-12-21,1693,1278
2022-12-22,-5577,-4228
2022-12-23,3045,2298
2022-12-26,-2081,-1559
2022-12-27,-1174,-892
2022-12-28,2872,2141
2022-12-29,4943,3625
2023-01-02,-1196,-876
2023-01-03,-3249,-2340
2023-01-04,-1844,-1339
2023-01-05,-1401,-1035
2023-01-06,-1001,-742
2023-01-09,182,140
2023-01-10,2115,1645
2023-01-11,785,620
2023-01-12,656,512
2023-01-13,-206,-156
2023-01-16,-1013,-798
2023-01-17,606,486
2023-01-18,1466,1142
2023-01-19,656,508
2023-01-20,647,511
2023-01-25,-2219,-1773
2023-01-26,623,494
2023-01-27,32,25
2023-01-30,3239,2640
2023-01-31,1268,1020
2023-02-01,-2230,-1789
2023-02-02,2282,1861
2023-02-03,-423,-341
2023-02-06,-513,-421
2023-02-07,-1604,-1281
2023-02-08,-873,-728
2023-02-09,1117,913
2023-02-10,-2609,-2105
2023-02-13,-1268,-1020
2023-02-14,-182,-149
2023-02-15,4271,3424
2023-02-16,-4117,-3303
2023-02-17,-396,-317
2023-02-20,-1360,-1087
2023-02-21,866,694
2023-02-22,3495,2772
2023-02-23,-1780,-1420
2023-02-24,1187,942
2023-02-27,-164,-111
2023-02-28,-2101,-1660
2023-03-02,2265,1782
2023-03-03,-661,-517
2023-03-06,260,213
2023-03-07,1965,1588
2023-03-08,3479,2746
2023-03-09,1080,859
2023-03-10,-1308,-1027
2023-03-13,-1390,-1080
2023-03-14,4919,3822
2023-03-15,-2025,-1553
2023-03-16,-2804,-2152
2023-03-17,-437,-343
2023-03-20,2401,1866
2023-03-21,-2137,-1656
2023-03-22,-1979,-1554
2023-03-23,247,191
2023-03-24,3638,2858
2023-03-27,438,344
2023-03-28,-2665,-2109
2023-03-29,522,414
2023-03-30,-1736,-1392
2023-03-31,-1941,-1566
2023-04-03,3550,2864
2023-04-04,-2974,-2400
2023-04-05,-2444,-1987
2023-04-06,9192,7405
2023-04-07,-3532,-2856
2023-04-10,-749,-615
2023-04-11,-3237,-2684
2023-04-12,-1006,-841
2023-04-13,-860,-716
2023-04-14,5679,4761
2023-04-17,-6,-5
2023-04-18,1542,1277
2023-04-19,-1793,-1502
2023-04-20,1171,980
2023-04-21,1805,1497
2023-04-24,630,515
2023-04-25,-1186,-943
2023-04-26,-739,-607
2023-04-27,-1661,-1348
2023-04-28,1329,1085
2023-05-02,-5968,-4906
2023-05-03,3835,3145
2023-05-04,842,682
2023-05-08,-4204,-3470
2023-05-09,458,377
2023-05-10,3806,3113
2023-05-11,2857,2323
2023-05-12,-1197,-972
2023-05-15,-4798,-3888
2023-05-16,1096,898
2023-05-17,-2451,-2003
2023-05-18,-414,-338
2023-05-19,-4262,-3556
2023-05-22,-216,-182
2023-05-23,1120,943
2023-05-24,2195,1852
2023-05-25,3241,2729
2023-05-26,-1905,-1608
2023-05-30,-3008,-2561
2023-05-31,5209,4436
2023-06-01,813,685
2023-06-02,-4895,-4174
2023-06-05,811,700
2023-06-07,-1253,-1082
2023-06-08,-2229,-1929
2023-06-09,-5687,-4950
2023-06-12,6494,5647
2023-06-13,1055,920
2023-06-14,372,316
2023-06-15,-40,-37
2023-06-16,-3018,-2614
2023-06-19,2884,2489
2023-06-20,359,309
2023-06-21,4085,3493
2023-06-22,-5390,-4608
2023-06-23,3995,3407
2023-06-26,-4018,-3426
2023-06-27,2095,1782
2023-06-28,4432,3772
2023-06-29,663,554
2023-06-30,-4014,-3415
2023-07-03,-6768,-5828
2023-07-04,6290,5420
2023-07-05,5842,4986
2023-07-06,-114,-100
2023-07-07,6480,5414
2023-07-10,-3148,-2624
2023-07-11,-6538,-5511
2023-07-12,221,184
2023-07-13,-4147,-3548
2023-07-14,-4318,-3733
2023-07-17,809,702
2023-07-18,3694,3197
2023-07-19,2973,2564
2023-07-20,310,270
2023-07-21,-962,-820
2023-07-24,797,680
2023-07-25,402,349
2023-07-26,2291,1953
2023-07-27,-2000,-1719
2023-07-28,614,529
2023-07-31,22,25
2023-08-01,-7717,-6767
2023-08-02,14894,12953
2023-08-03,3524,3023
2023-08-04,618,531
2023-08-07,-780,-670
2023-08-08,-1199,-1024
2023-08-09,-1751,-1493
2023-08-10,1312,1121
2023-08-11,-1655,-1412
2023-08-14,413,347
2023-08-16,4290,3561
2023-08-17,-283,-240
2023-08-18,1358,1121
2023-08-21,-2971,-2445
2023-08-22,-945,-781
2023-08-23,450,374
2023-08-24,-3299,-2746
2023-08-25,595,502
2023-08-28,-1412,-1176
2023-08-29,-745,-620
2023-08-30,-1039,-873
2023-08-31,-759,-636
2023-09-01,-3386,-2852
2023-09-04,-431,-370
2023-09-05,1033,879
2023-09-06,3007,2543
2023-09-07,31,22
2023-09-08,-894,-748
2023-09-11,-182,-151
2023-09-12,3004,2532
2023-09-13,-3398,-2854
2023-09-14,-7600,-6452
2023-09-15,-7845,-6792
2023-09-18,11077,9514
2023-09-19,4289,3659
2023-09-20,1098,934
2023-09-21,4741,3964
2023-09-22,-1689,-1401
2023-09-25,-2883,-2397
2023-09-26,3435,2830
2023-09-27,-2274,-1864
2023-10-04,2870,2334
2023-10-05,1513,1208
2023-10-06,-2558,-2047
2023-10-10,344,292
2023-10-11,-4806,-3928
2023-10-12,-1812,-1502
2023-10-13,1442,1189
2023-10-16,1663,1354
2023-10-17,-2244,-1830
2023-10-18,-1653,-1361
2023-10-19,7268,5920
2023-10-20,550,415
2023-10-23,536,423
2023-10-24,-490,-373
2023-10-25,-541,-430
2023-10-26,2984,2269
2023-10-27,-1082,-841
2023-10-30,-2056,-1584
2023-10-31,833,626
2023-11-01,-2991,-2323
2023-11-02,-967,-760
2023-11-03,-514,-401
2023-11-06,-5035,-4154
2023-11-07,4168,3463
2023-11-08,2101,1720
2023-11-09,1199,979
2023-11-10,-843,-685
2023-11-13,1831,1479
2023-11-14,-360,-291
2023-11-15,-1418,-1156
2023-11-16,-2476,-2071
2023-11-17,118,91
2023-11-20,-2650,-2211
2023-11-21,2001,1689
2023-11-22,-3277,-2757
2023-11-23,1533,1292
2023-11-24,3083,2590
2023-11-27,566,472
2023-11-28,-4695,-3947
2023-11-29,1111,935
2023-11-30,-877,-746
2023-12-01,4037,3397
2023-12-04,181,157
2023-12-05,1162,965
2023-12-06,456,377
2023-12-07,-2033,-1694
2023-12-08,-3975,-3342
2023-12-11,990,834
2023-12-12,790,672
2023-12-13,4829,4070
2023-12-14,-1010,-845
2023-12-15,-2181,-1865
2023-12-18,-1899,-1632
2023-12-19,-84,-72
2023-12-20,-6677,-5850
2023-12-21,4669,4083
2023-12-22,-457,-398
2023-12-26,-931,-817
2023-12-27,-3938,-3502
2023-12-28,-1312,-1198
2024-01-02,2548,2303
2024-01-03,6878,6115
2024-01-04,112,90
2024-01-05,1448,1271
2024-01-08,194,169
2024-01-09,1907,1658
2024-01-10,1061,904
2024-01-11,2959,2540
2024-01-12,-586,-498
2024-01-15,22,19
2024-01-16,519,433
2024-01-17,4294,3532
2024-01-18,-2788,-2285
2024-01-19,353,298
2024-01-22,2842,2383
2024-01-23,-3544,-2963
2024-01-24,25,28
2024-01-25,-1482,-1233
2024-01-26,-1300,-1084
2024-01-29,-1660,-1404
2024-01-30,1857,1572
2024-01-31,-922,-773
2024-02-01,-2264,-1946
2024-02-02,-3817,-3365
2024-02-05,1948,1725
2024-02-06,2865,2494
2024-02-07,-1961,-1721
2024-02-08,260,236
2024-02-13,140,127
2024-02-14,-492,-435
2024-02-15,2155,1907
2024-02-16,-3951,-3507
2024-02-19,-2008,-1804
2024-02-20,3180,2833
2024-02-21,-959,-842
2024-02-22,1034,927
2024-02-23,-828,-744
2024-02-26,639,566
2024-02-27,-439,-390
2024-02-28,-2846,-2538
2024-02-29,1520,1360
2024-03-04,441,372
2024-03-05,2148,1928
2024-03-06,-2651,-2366
2024-03-07,-2787,-2483
2024-03-08,2541,2294
2024-03-11,459,412
2024-03-12,-1225,-1113
2024-03-13,-2409,-2188
2024-03-14,-3260,-2995
2024-03-15,4525,4106
2024-03-18,-373,-340
2024-03-19,776,705
2024-03-20,-6674,-6073
2024-03-21,-404,-392
2024-03-22,3009,2822
2024-03-25,606,569
2024-03-26,2272,2158
2024-03-27,-177,-165
2024-03-28,-20,-19
2024-03-29,-1195,-1122
2024-04-01,1929,1824
2024-04-02,-2926,-2763
2024-04-03,2715,2531
2024-04-04,-2466,-2324
2024-04-05,2239,2094
2024-04-08,-2702,-2527
2024-04-09,4443,4158
2024-04-11,-5430,-5071
2024-04-12,4674,4328
2024-04-15,2112,1943
2024-04-16,5148,4632
2024-04-17,490,444
2024-04-18,-5025,-4504
2024-04-19,3215,2837
2024-04-22,-2146,-1910
2024-04-23,1853,1657
2024-04-24,-1812,-1649
2024-04-25,1127,1015
2024-04-26,-922,-839
2024-04-29,-2478,-2255
2024-04-30,-38,-33
2024-05-02,2947,2696
2024-05-03,3311,3037
2024-05-07,-9222,-8550
2024-05-08,-2049,-1923
2024-05-09,7296,6768
2024-05-10,-988,-919
2024-05-13,1287,1199
2024-05-14,-393,-370
2024-05-16,1676,1601
2024-05-17,2054,1895
2024-05-20,-2482,-2320
2024-05-21,620,578
2024-05-22,-19,-16
2024-05-23,363,338
2024-05-24,1701,1561
2024-05-27,-2768,-2563
2024-05-28,1570,1460
2024-05-29,6231,5716
2024-05-30,2423,2192
2024-05-31,-838,-764
2024-06-03,-2899,-2651
2024-06-04,1933,1760
2024-06-05,-1801,-1659
2024-06-07,-3377,-3125
2024-06-10,4427,4116
2024-06-11,-1360,-1241
2024-06-12,-2005,-1867
2024-06-13,246,219
2024-06-14,-1605,-1518
2024-06-17,665,622
2024-06-18,-3412,-3236
2024-06-19,-5599,-5371
2024-06-20,2407,2326
2024-06-21,3110,2987
2024-06-24,2375,2262
2024-06-25,-1922,-1833
2024-06-26,-3300,-3168
2024-06-27,1741,1653
2024-06-28,-1404,-1360
2024-07-01,-289,-287
2024-07-02,3190,3065
2024-07-03,-1594,-1539
2024-07-04,-4095,-3965
2024-07-05,-2035,-2015
2024-07-08,4516,4484
2024-07-09,-1289,-1282
2024-07-10,-1301,-1294
2024-07-11,1607,1615
2024-07-12,-490,-517
2024-07-15,1367,1341
2024-07-16,378,376
2024-07-17,-1562,-1548
2024-07-18,6022,5853
2024-07-19,3162,3051
2024-07-22,3290,3147
2024-07-23,-604,-570
2024-07-24,-329,-312
2024-07-25,2209,2066
2024-07-26,781,726
2024-07-29,1009,959
2024-07-30,909,857
2024-07-31,-2979,-2841
2024-08-01,2449,2341
2024-08-02,4565,4258
2024-08-05,-1159,-887
2024-08-06,-2702,-2331
2024-08-07,-6667,-5729
2024-08-08,3470,3021
2024-08-09,-2737,-2385
2024-08-12,-198,-173
2024-08-13,232,210
2024-08-14,-133,-117
2024-08-16,-538,-474
2024-08-19,-2890,-2654
2024-08-20,-2508,-2310
2024-08-21,-1624,-1497
2024-08-22,695,640
2024-08-23,1363,1265
2024-08-26,1358,1238
2024-08-27,-56,-52
2024-08-28,-2030,-1863
2024-08-29,3558,3232
2024-08-30,1258,1141
2024-09-02,-2642,-2398
2024-09-03,1401,1259
2024-09-04,-1940,-1712
2024-09-05,153,124
2024-09-06,-166,-148
2024-09-09,-3330,-2811
2024-09-10,2039,1740
2024-09-11,610,520
2024-09-12,-2335,-1999
2024-09-13,2131,1846
2024-09-19,620,526
2024-09-20,387,337
2024-09-23,-191,-163
2024-09-24,-392,-352
2024-09-25,3694,3247
2024-09-26,-6511,-5763
2024-09-27,3306,2966
2024-09-30,3208,2801
2024-10-02,-540,-452
2024-10-04,-720,-618
2024-10-07,-1619,-1402
2024-10-08,1725,1498
2024-10-10,1909,1654
2024-10-11,-776,-670
2024-10-14,-1601,-1406
2024-10-15,-507,-442
2024-10-16,1200,1071
2024-10-17,423,367
2024-10-18,-600,-520
2024-10-21,-459,-401
2024-10-22,-782,-671
2024-10-23,-755,-669
2024-10-24,3216,2776
2024-10-25,-1599,-1381
2024-10-28,801,696
2024-10-29,-1324,-1158
2024-10-30,2118,1838
2024-10-31,2548,2175
2024-11-01,-808,-691
2024-11-04,-2296,-1956
2024-11-05,-403,-345
2024-11-06,2210,1891
2024-11-07,-222,-190
2024-11-08,802,689
2024-11-11,1488,1251
2024-11-12,2229,1833
2024-11-13,315,228
2024-11-14,733,581
2024-11-15,-916,-727
2024-11-18,-6013,-4919
2024-11-19,-1648,-1347
2024-11-20,840,689
2024-11-21,1409,1169
2024-11-22,-725,-604
2024-11-25,-635,-537
2024-11-26,1028,863
2024-11-27,509,431
2024-11-28,2067,1720
2024-11-29,476,400
2024-12-02,1336,1095
2024-12-03,-3719,-3048
2024-12-04,-1213,-1028
2024-12-05,283,226
2024-12-06,239,200
2024-12-09,4042,3192
2024-12-10,-5458,-4334
2024-12-11,-589,-477
2024-12-12,-1051,-872
2024-12-13,1129,928
2024-12-16,2226,1830
2024-12-17,517,419
2024-12-18,-2809,-2298
2024-12-19,2511,2074
2024-12-20,-732,-580
2024-12-23,40,28
2024-12-24,160,129
2024-12-26,1589,1276
2024-12-27,-1941,-1551
2024-12-30,1342,1076
2025-01-02,1646,1316
2025-01-03,-6293,-5092
2025-01-06,-1456,-1208
2025-01-07,1584,1336
2025-01-08,-233,-194
2025-01-09,468,386
2025-01-10,-1918,-1604
2025-01-13,2859,2382
2025-01-14,-263,-220
2025-01-15,1061,880
2025-01-16,-2897,-2399
2025-01-17,775,645
2025-01-20,1498,1247
2025-01-21,-659,-561
2025-01-22,-3128,-2632
2025-01-23,3872,3237
2025-01-24,-1783,-1497
2025-01-31,1583,1310
2025-02-03,1214,990
2025-02-04,-3655,-3008
2025-02-05,-1730,-1417
2025-02-06,257,208
2025-02-07,2095,1744
2025-02-10,-414,-344
2025-02-11,-1594,-1324
2025-02-12,-60,-55
2025-02-13,-2682,-2274
2025-02-14,-88,-71
2025-02-17,-805,-691
2025-02-18,-11,-13
2025-02-19,-2705,-2372
2025-02-20,1002,890
2025-02-21,2416,2114
2025-02-24,495,428
2025-02-25,-347,-296
2025-02-26,526,456
2025-02-27,2026,1749
2025-02-28,9183,7740
2025-03-04,-1095,-908
2025-03-05,-861,-725
2025-03-06,-3093,-2615
2025-03-07,658,559
2025-03-10,-3372,-2849
2025-03-11,2714,2299
2025-03-12,-2692,-2304
2025-03-13,2478,2092
2025-03-14,-456,-380
2025-03-17,-5189,-4468
2025-03-18,989,876
2025-03-19,-319,-279
2025-03-20,-1902,-1671
2025-03-21,-1490,-1319
2025-03-24,3162,2801
2025-03-25,-318,-287
2025-03-26,-2457,-2174
2025-03-27,3474,3054
2025-03-28,2741,2365
2025-03-31,3790,3185
2025-04-01,-4077,-3451
2025-04-02,2901,2455
2025-04-03,-2725,-2221
2025-04-04,2207,1816
2025-04-07,2659,2263
2025-04-08,-2003,-1545
2025-04-09,2060,1572
2025-04-10,-8168,-6481
2025-04-11,4597,3727
2025-04-14,177,141
2025-04-15,-1434,-1172
2025-04-16,1416,1148
2025-04-17,-660,-532
2025-04-18,-824,-676
2025-04-21,-280,-228
2025-04-22,1330,1091
2025-04-23,-2422,-2013
2025-04-24,268,224
2025-04-25,-515,-417
2025-04-28,-308,-258
2025-04-29,-1111,-941
2025-04-30,-3443,-2910
2025-05-02,2620,2219
2025-05-07,880,757
2025-05-08,2108,1802
2025-05-09,-1324,-1132
2025-05-12,-2396,-2069
2025-05-13,531,467
2025-05-14,-554,-478
2025-05-15,697,608
2025-05-16,2,3
2025-05-19,1051,900
2025-05-20,-1314,-1132
2025-05-21,-447,-393
2025-05-22,1790,1549
2025-05-23,-2041,-1760
2025-05-26,-2013,-1753
2025-05-27,128,111
2025-05-28,334,300
2025-05-29,-1084,-991
2025-05-30,3276,2954
2025-06-02,1077,965
2025-06-04,-4015,-3700
2025-06-05,5035,4719
2025-06-09,-266,-259
2025-06-10,1182,1134
2025-06-11,671,662
2025-06-12,2865,2814
2025-06-13,26,19
2025-06-16,-1579,-1550
2025-06-17,-416,-399
2025-06-18,-405,-396
2025-06-19,624,622
2025-06-20,2156,2177
2025-06-23,-399,-396
2025-06-24,-288,-284
2025-06-25,3043,3196
2025-06-26,-1239,-1302
2025-06-27,-1225,-1277
2025-06-30,-476,-498
2025-07-01,3294,3474
2025-07-02,613,620
2025-07-03,-2524,-2647
2025-07-04,-1258,-1263
2025-07-07,-715,-718
2025-07-08,-1379,-1439
2025-07-09,334,354
2025-07-10,605,638
2025-07-11,1951,2098
2025-07-14,-1777,-1915
2025-07-15,1338,1443
2025-07-16,1229,1345
2025-07-17,-980,-1046
2025-07-18,-452,-486
2025-07-21,-2091,-2256
2025-07-22,2137,2304
2025-07-23,98,107
2025-07-24,111,98
2025-07-25,-1981,-2129
2025-07-28,490,526
2025-07-29,-1814,-1968
2025-07-30,1208,1323
2025-07-31,745,810
2025-08-01,344,367
2025-08-04,337,377
2025-08-05,470,512
2025-08-06,-1110,-1190
2025-08-07,-1647,-1780
2025-08-08,945,1035
2025-08-11,1464,1590
2025-08-12,837,908
2025-08-13,-2834,-3088
2025-08-14,688,748
2025-08-18,1159,1250
2025-08-19,151,157
2025-08-20,929,978
2025-08-21,-666,-711
2025-08-22,387,418
2025-08-25,-2970,-3207
2025-08-26,594,642
2025-08-27,-1471,-1576
2025-08-28,-1548,-1669
2025-08-29,3277,3531
2025-09-01,64,83
2025-09-02,-3272,-3493
2025-09-03,544,588
2025-09-04,822,890
2025-09-05,-458,-492
2025-09-08,1946,2120
2025-09-09,439,488
2025-09-10,2173,2445
2025-09-11,841,969
2025-09-12,656,764
2025-09-15,772,900
2025-09-16,-58,-55
2025-09-17,2048,2412
2025-09-18,-2622,-3094
2025-09-19,209,244
2025-09-22,-716,-858
2025-09-23,-76,-94
2025-09-24,1821,2186
2025-09-25,-2794,-3351
2025-09-26,-1514,-1774
2025-09-29,-3243,-3847
2025-09-30,-498,-600
2025-10-01,3814,4577
2025-10-02,3387,4296
2025-10-10,100,131
2025-10-13,2540,3175
2025-10-14,-239,-288
2025-10-15,-3359,-4247
2025-10-16,-524,-686
2025-10-17,1358,1793
2025-10-20,-266,-383
2025-10-21,2286,3092
2025-10-22,-664,-860
2025-10-23,-1203,-1595
2025-10-24,-1078,-1468
2025-10-27,4298,6053
2025-10-28,3621,5108
2025-10-29,105,153
2025-10-30,552,785
2025-10-31,-688,-1010
2025-11-03,-418,-602
2025-11-04,6048,9005
2025-11-05,-6357,-8762
2025-11-06,374,537
2025-11-07,-1474,-2072
2025-11-10,-2346,-3350
2025-11-11,-283,-435
2025-11-12,1055,1553
2025-11-13,1161,1708
2025-11-14,989,1414
2025-11-17,-3056,-4325
2025-11-18,187,245
2025-11-19,-1652,-2272
2025-11-20,166,239
2025-11-21,1043,1407
2025-11-24,-1461,-1993
2025-11-25,-541,-707
2025-11-26,346,490
2025-11-27,1398,1972
2025-11-28,1872,2613
2025-12-01,-2668,-3693
2025-12-02,-1768,-2476
2025-12-03,1393,1984
2025-12-04,126,176
2025-12-05,-703,-1022
2025-12-08,-75,-111
2025-12-09,1224,1800
2025-12-10,-535,-769
2025-12-11,1082,1574
2025-12-12,-840,-1229
2025-12-15,1151,1690
2025-12-16,-630,-896
2025-12-17,-1633,-2319
2025-12-18,2203,3120
2025-12-19,137,189
2025-12-22,-547,-789
2025-12-23,426,624
2025-12-24,862,1255
2025-12-26,-1362,-2003
2025-12-29,-1695,-2524
2025-12-30,1322,1999
2026-01-02,-72,-102
2026-01-05,1668,2661
2026-01-06,-301,-509
2026-01-07,948,1595
2026-01-08,-156,-249
2026-01-09,-1790,-2964
2026-01-12,-1699,-2855
2026-01-13,807,1379
2026-01-14,-41,-71
2026-01-15,1866,3190
2026-01-16,1834,3221
2026-01-19,235,438
2026-01-20,614,1087
2026-01-21,-3929,-6949
2026-01-22,3007,5456
2026-01-23,-2345,-4287
2026-01-26,3051,5514
2026-01-27,-2229,-4039
2026-01-28,1538,2904
2026-01-29,1685,3208
